name,description,variables
B00001,UNWEIGHTED SAMPLE COUNT OF THE POPULATION,https://api.census.gov/data/2010/acs/acs5/groups/B00001.json
B00002,UNWEIGHTED SAMPLE HOUSING UNITS,https://api.census.gov/data/2010/acs/acs5/groups/B00002.json
B01001,SEX BY AGE,https://api.census.gov/data/2010/acs/acs5/groups/B01001.json
B01002,MEDIAN AGE BY SEX,https://api.census.gov/data/2010/acs/acs5/groups/B01002.json
B01003,TOTAL POPULATION,https://api.census.gov/data/2010/acs/acs5/groups/B01003.json
B02001,RACE,https://api.census.gov/data/2010/acs/acs5/groups/B02001.json
B02005,AMERICAN INDIAN AND ALASKA NATIVE ALONE FOR SELECTED TRIBAL GROUPINGS,https://api.census.gov/data/2010/acs/acs5/groups/B02005.json
B02006,ASIAN ALONE BY SELECTED GROUPS,https://api.census.gov/data/2010/acs/acs5/groups/B02006.json
B02007,NATIVE HAWAIIAN AND OTHER PACIFIC ISLANDER ALONE BY SELECTED GROUPS,https://api.census.gov/data/2010/acs/acs5/groups/B02007.json
B02008,WHITE ALONE OR IN COMBINATION WITH ONE OR MORE OTHER RACES,https://api.census.gov/data/2010/acs/acs5/groups/B02008.json
B02009,BLACK OR AFRICAN AMERICAN ALONE OR IN COMBINATION WITH ONE OR MORE OTHER RACES,https://api.census.gov/data/2010/acs/acs5/groups/B02009.json
B02010,AMERICAN INDIAN AND ALASKA NATIVE ALONE OR IN COMBINATION WITH ONE OR MORE OTHER RACES,https://api.census.gov/data/2010/acs/acs5/groups/B02010.json
B02011,ASIAN ALONE OR IN COMBINATION WITH ONE OR MORE OTHER RACES,https://api.census.gov/data/2010/acs/acs5/groups/B02011.json
B02012,NATIVE HAWAIIAN AND OTHER PACIFIC ISLANDER ALONE OR IN COMBINATION WITH ONE OR MORE OTHER RACES,https://api.census.gov/data/2010/acs/acs5/groups/B02012.json
B02013,SOME OTHER RACE ALONE OR IN COMBINATION WITH ONE OR MORE OTHER RACES,https://api.census.gov/data/2010/acs/acs5/groups/B02013.json
B03001,HISPANIC OR LATINO ORIGIN BY SPECIFIC ORIGIN,https://api.census.gov/data/2010/acs/acs5/groups/B03001.json
B03002,HISPANIC OR LATINO ORIGIN BY RACE,https://api.census.gov/data/2010/acs/acs5/groups/B03002.json
B03003,HISPANIC OR LATINO ORIGIN,https://api.census.gov/data/2010/acs/acs5/groups/B03003.json
B04001,FIRST ANCESTRY REPORTED,https://api.census.gov/data/2010/acs/acs5/groups/B04001.json
B04002,SECOND ANCESTRY REPORTED,https://api.census.gov/data/2010/acs/acs5/groups/B04002.json
B04003,TOTAL ANCESTRY REPORTED,https://api.census.gov/data/2010/acs/acs5/groups/B04003.json
B04004,PEOPLE REPORTING SINGLE ANCESTRY,https://api.census.gov/data/2010/acs/acs5/groups/B04004.json
B04005,PEOPLE REPORTING MULTIPLE ANCESTRY,https://api.census.gov/data/2010/acs/acs5/groups/B04005.json
B04006,PEOPLE REPORTING ANCESTRY,https://api.census.gov/data/2010/acs/acs5/groups/B04006.json
B04007,ANCESTRY,https://api.census.gov/data/2010/acs/acs5/groups/B04007.json
B05001,CITIZENSHIP STATUS IN THE UNITED STATES,https://api.census.gov/data/2010/acs/acs5/groups/B05001.json
B05002,PLACE OF BIRTH BY CITIZENSHIP STATUS,https://api.census.gov/data/2010/acs/acs5/groups/B05002.json
B05003,SEX BY AGE BY CITIZENSHIP STATUS,https://api.census.gov/data/2010/acs/acs5/groups/B05003.json
B05004,MEDIAN AGE BY CITIZENSHIP STATUS BY SEX,https://api.census.gov/data/2010/acs/acs5/groups/B05004.json
B05005,YEAR OF ENTRY BY CITIZENSHIP STATUS IN THE UNITED STATES,https://api.census.gov/data/2010/acs/acs5/groups/B05005.json
B05006,PLACE OF BIRTH FOR THE FOREIGN-BORN POPULATION IN THE UNITED STATES,https://api.census.gov/data/2010/acs/acs5/groups/B05006.json
B05007,PLACE OF BIRTH BY YEAR OF ENTRY BY CITIZENSHIP STATUS FOR THE FOREIGN-BORN POPULATION,https://api.census.gov/data/2010/acs/acs5/groups/B05007.json
B05008,SEX BY PLACE OF BIRTH BY YEAR OF ENTRY FOR THE FOREIGN-BORN POPULATION,https://api.census.gov/data/2010/acs/acs5/groups/B05008.json
B05009,AGE AND NATIVITY OF OWN CHILDREN UNDER 18 YEARS IN FAMILIES AND SUBFAMILIES BY NUMBER AND NATIVITY OF PARENTS,https://api.census.gov/data/2010/acs/acs5/groups/B05009.json
B05010,RATIO OF INCOME TO POVERTY LEVEL IN THE PAST 12 MONTHS BY NATIVITY OF CHILDREN UNDER 18 YEARS IN FAMILIES AND SUBFAMILIES BY LIVING ARRANGEMENTS AND NATIVITY OF PARENTS,https://api.census.gov/data/2010/acs/acs5/groups/B05010.json
B05012,NATIVITY IN THE UNITED STATES,https://api.census.gov/data/2010/acs/acs5/groups/B05012.json
B06001,PLACE OF BIRTH BY AGE IN THE UNITED STATES,https://api.census.gov/data/2010/acs/acs5/groups/B06001.json
B06002,MEDIAN AGE BY PLACE OF BIRTH IN THE UNITED STATES,https://api.census.gov/data/2010/acs/acs5/groups/B06002.json
B06003,PLACE OF BIRTH BY SEX IN THE UNITED STATES,https://api.census.gov/data/2010/acs/acs5/groups/B06003.json
B06007,PLACE OF BIRTH BY LANGUAGE SPOKEN AT HOME AND ABILITY TO SPEAK ENGLISH IN THE UNITED STATES,https://api.census.gov/data/2010/acs/acs5/groups/B06007.json
B06008,PLACE OF BIRTH BY MARITAL STATUS IN THE UNITED STATES,https://api.census.gov/data/2010/acs/acs5/groups/B06008.json
B06009,PLACE OF BIRTH BY EDUCATIONAL ATTAINMENT IN THE UNITED STATES,https://api.census.gov/data/2010/acs/acs5/groups/B06009.json
B06010,PLACE OF BIRTH BY INDIVIDUAL INCOME IN THE PAST 12 MONTHS (IN 2010 INFLATION-ADJUSTED DOLLARS) IN THE UNITED STATES,https://api.census.gov/data/2010/acs/acs5/groups/B06010.json
B06011,MEDIAN INCOME IN THE PAST 12 MONTHS (IN 2010 INFLATION-ADJUSTED DOLLARS) BY PLACE OF BIRTH IN THE UNITED STATES,https://api.census.gov/data/2010/acs/acs5/groups/B06011.json
B06012,PLACE OF BIRTH BY POVERTY STATUS IN THE PAST 12 MONTHS IN THE UNITED STATES,https://api.census.gov/data/2010/acs/acs5/groups/B06012.json
B07001,GEOGRAPHICAL MOBILITY IN THE PAST YEAR BY AGE FOR CURRENT RESIDENCE IN THE UNITED STATES,https://api.census.gov/data/2010/acs/acs5/groups/B07001.json
B07002,MEDIAN AGE BY GEOGRAPHICAL MOBILITY IN THE PAST YEAR FOR CURRENT RESIDENCE IN THE UNITED STATES,https://api.census.gov/data/2010/acs/acs5/groups/B07002.json
B07003,GEOGRAPHICAL MOBILITY IN THE PAST YEAR BY SEX FOR CURRENT RESIDENCE IN THE UNITED STATES,https://api.census.gov/data/2010/acs/acs5/groups/B07003.json
B07007,GEOGRAPHICAL MOBILITY IN THE PAST YEAR BY CITIZENSHIP STATUS FOR CURRENT RESIDENCE IN THE UNITED STATES,https://api.census.gov/data/2010/acs/acs5/groups/B07007.json
B07008,GEOGRAPHICAL MOBILITY IN THE PAST YEAR BY MARITAL STATUS FOR CURRENT RESIDENCE IN THE UNITED STATES,https://api.census.gov/data/2010/acs/acs5/groups/B07008.json
B07009,GEOGRAPHICAL MOBILITY IN THE PAST YEAR BY EDUCATIONAL ATTAINMENT FOR CURRENT RESIDENCE IN THE UNITED STATES,https://api.census.gov/data/2010/acs/acs5/groups/B07009.json
B07010,GEOGRAPHICAL MOBILITY IN THE PAST YEAR BY INDIVIDUAL INCOME IN THE PAST 12 MONTHS (IN 2010 INFLATION-ADJUSTED DOLLARS) FOR CURRENT RESIDENCE IN THE UNITED STATES,https://api.census.gov/data/2010/acs/acs5/groups/B07010.json
B07011,MEDIAN INCOME IN THE PAST 12 MONTHS (IN 2010 INFLATION-ADJUSTED DOLLARS) BY GEOGRAPHICAL MOBILITY IN THE PAST YEAR FOR CURRENT RESIDENCE IN THE UNITED STATES,https://api.census.gov/data/2010/acs/acs5/groups/B07011.json
B07012,GEOGRAPHICAL MOBILITY IN THE PAST YEAR BY POVERTY STATUS IN THE PAST 12 MONTHS FOR CURRENT RESIDENCE IN THE UNITED STATES,https://api.census.gov/data/2010/acs/acs5/groups/B07012.json
B07013,GEOGRAPHICAL MOBILITY IN THE PAST YEAR BY TENURE FOR CURRENT RESIDENCE IN THE UNITED STATES,https://api.census.gov/data/2010/acs/acs5/groups/B07013.json
B07101,MOVERS BETWEEN REGIONS IN THE UNITED STATES,https://api.census.gov/data/2010/acs/acs5/groups/B07101.json
B07204,"GEOGRAPHICAL MOBILITY IN THE PAST YEAR FOR CURRENT RESIDENCE--STATE, COUNTY AND PLACE LEVEL IN THE UNITED STATES",https://api.census.gov/data/2010/acs/acs5/groups/B07204.json
B07401,GEOGRAPHICAL MOBILITY IN THE PAST YEAR BY AGE FOR RESIDENCE 1 YEAR AGO IN THE UNITED STATES,https://api.census.gov/data/2010/acs/acs5/groups/B07401.json
B07402,MEDIAN AGE BY GEOGRAPHICAL MOBILITY IN THE PAST YEAR FOR RESIDENCE 1 YEAR AGO IN THE UNITED STATES,https://api.census.gov/data/2010/acs/acs5/groups/B07402.json
B07403,GEOGRAPHICAL MOBILITY IN THE PAST YEAR BY SEX FOR RESIDENCE 1 YEAR AGO IN THE UNITED STATES,https://api.census.gov/data/2010/acs/acs5/groups/B07403.json
B07407,GEOGRAPHICAL MOBILITY IN THE PAST YEAR BY CITIZENSHIP STATUS FOR RESIDENCE 1 YEAR AGO IN THE UNITED STATES,https://api.census.gov/data/2010/acs/acs5/groups/B07407.json
B07408,GEOGRAPHICAL MOBILITY IN THE PAST YEAR BY MARITAL STATUS FOR RESIDENCE 1 YEAR AGO IN THE UNITED STATES,https://api.census.gov/data/2010/acs/acs5/groups/B07408.json
B07409,GEOGRAPHICAL MOBILITY IN THE PAST YEAR BY EDUCATIONAL ATTAINMENT FOR RESIDENCE 1 YEAR AGO IN THE UNITED STATES,https://api.census.gov/data/2010/acs/acs5/groups/B07409.json
B07410,GEOGRAPHICAL MOBILITY IN THE PAST YEAR BY INDIVIDUAL INCOME IN THE PAST 12 MONTHS (IN 2010 INFLATION-ADJUSTED DOLLARS) FOR RESIDENCE 1 YEAR AGO IN THE UNITED STATES,https://api.census.gov/data/2010/acs/acs5/groups/B07410.json
B07411,MEDIAN INCOME IN THE PAST 12 MONTHS (IN 2010 INFLATION-ADJUSTED DOLLARS) BY GEOGRAPHICAL MOBILITY IN THE PAST YEAR FOR RESIDENCE 1 YEAR AGO IN THE UNITED STATES,https://api.census.gov/data/2010/acs/acs5/groups/B07411.json
B07412,GEOGRAPHICAL MOBILITY IN THE PAST YEAR BY POVERTY STATUS IN THE PAST 12 MONTHS FOR RESIDENCE 1 YEAR AGO IN THE UNITED STATES,https://api.census.gov/data/2010/acs/acs5/groups/B07412.json
B07413,GEOGRAPHICAL MOBILITY IN THE PAST YEAR BY TENURE FOR RESIDENCE 1 YEAR AGO IN THE UNITED STATES,https://api.census.gov/data/2010/acs/acs5/groups/B07413.json
B08006,SEX OF WORKERS BY MEANS OF TRANSPORTATION TO WORK,https://api.census.gov/data/2010/acs/acs5/groups/B08006.json
B08007,SEX OF WORKERS BY PLACE OF WORK--STATE AND COUNTY LEVEL,https://api.census.gov/data/2010/acs/acs5/groups/B08007.json
B08008,SEX OF WORKERS BY PLACE OF WORK--PLACE LEVEL,https://api.census.gov/data/2010/acs/acs5/groups/B08008.json
B08009,"SEX OF WORKERS BY PLACE OF WORK--MINOR CIVIL DIVISION LEVEL FOR 12 SELECTED STATES (CT, ME, MA, MI, MN, NH, NJ, NY, PA, RI, VT, WI)",https://api.census.gov/data/2010/acs/acs5/groups/B08009.json
B08011,SEX OF WORKERS BY TIME LEAVING HOME TO GO TO WORK,https://api.census.gov/data/2010/acs/acs5/groups/B08011.json
B08012,SEX OF WORKERS BY TRAVEL TIME TO WORK,https://api.census.gov/data/2010/acs/acs5/groups/B08012.json
B08013,AGGREGATE TRAVEL TIME TO WORK (IN MINUTES) OF WORKERS BY SEX,https://api.census.gov/data/2010/acs/acs5/groups/B08013.json
B08014,SEX OF WORKERS BY VEHICLES AVAILABLE,https://api.census.gov/data/2010/acs/acs5/groups/B08014.json
B08015,"AGGREGATE NUMBER OF VEHICLES (CAR, TRUCK, OR VAN) USED IN COMMUTING BY WORKERS 16 YEARS AND OVER BY SEX",https://api.census.gov/data/2010/acs/acs5/groups/B08015.json
B08016,PLACE OF WORK FOR WORKERS 16 YEARS AND OVER--METROPOLITAN STATISTICAL AREA LEVEL,https://api.census.gov/data/2010/acs/acs5/groups/B08016.json
B08017,PLACE OF WORK FOR WORKERS 16 YEARS AND OVER--MICROPOLITAN STATISTICAL AREA LEVEL,https://api.census.gov/data/2010/acs/acs5/groups/B08017.json
B08018,PLACE OF WORK FOR WORKERS 16 YEARS AND OVER--NOT METROPOLITAN OR MICROPOLITAN STATISTICAL AREA LEVEL,https://api.census.gov/data/2010/acs/acs5/groups/B08018.json
B08101,MEANS OF TRANSPORTATION TO WORK BY AGE,https://api.census.gov/data/2010/acs/acs5/groups/B08101.json
B08103,MEDIAN AGE BY MEANS OF TRANSPORTATION TO WORK,https://api.census.gov/data/2010/acs/acs5/groups/B08103.json
B08111,MEANS OF TRANSPORTATION TO WORK BY CITIZENSHIP STATUS,https://api.census.gov/data/2010/acs/acs5/groups/B08111.json
B08113,MEANS OF TRANSPORTATION TO WORK BY LANGUAGE SPOKEN AT HOME AND ABILITY TO SPEAK ENGLISH,https://api.census.gov/data/2010/acs/acs5/groups/B08113.json
B08119,MEANS OF TRANSPORTATION TO WORK BY WORKERS' EARNINGS IN THE PAST 12 MONTHS (IN 2010 INFLATION-ADJUSTED DOLLARS),https://api.census.gov/data/2010/acs/acs5/groups/B08119.json
B08121,MEDIAN EARNINGS IN THE PAST 12 MONTHS (IN 2010 INFLATION-ADJUSTED DOLLARS) BY MEANS OF TRANSPORTATION TO WORK,https://api.census.gov/data/2010/acs/acs5/groups/B08121.json
B08122,MEANS OF TRANSPORTATION TO WORK BY POVERTY STATUS IN THE PAST 12 MONTHS,https://api.census.gov/data/2010/acs/acs5/groups/B08122.json
B08124,MEANS OF TRANSPORTATION TO WORK BY OCCUPATION,https://api.census.gov/data/2010/acs/acs5/groups/B08124.json
B08126,MEANS OF TRANSPORTATION TO WORK BY INDUSTRY,https://api.census.gov/data/2010/acs/acs5/groups/B08126.json
B08128,MEANS OF TRANSPORTATION TO WORK BY CLASS OF WORKER,https://api.census.gov/data/2010/acs/acs5/groups/B08128.json
B08130,MEANS OF TRANSPORTATION TO WORK BY PLACE OF WORK--STATE AND COUNTY LEVEL,https://api.census.gov/data/2010/acs/acs5/groups/B08130.json
B08131,AGGREGATE TRAVEL TIME TO WORK (IN MINUTES) OF WORKERS BY PLACE OF WORK--STATE AND COUNTY LEVEL,https://api.census.gov/data/2010/acs/acs5/groups/B08131.json
B08132,MEANS OF TRANSPORTATION TO WORK BY TIME LEAVING HOME TO GO TO WORK,https://api.census.gov/data/2010/acs/acs5/groups/B08132.json
B08133,AGGREGATE TRAVEL TIME TO WORK (IN MINUTES) OF WORKERS BY TIME LEAVING HOME TO GO TO WORK,https://api.census.gov/data/2010/acs/acs5/groups/B08133.json
B08135,AGGREGATE TRAVEL TIME TO WORK (IN MINUTES) OF WORKERS BY TRAVEL TIME TO WORK,https://api.census.gov/data/2010/acs/acs5/groups/B08135.json
B08137,MEANS OF TRANSPORTATION TO WORK BY TENURE,https://api.census.gov/data/2010/acs/acs5/groups/B08137.json
B08141,MEANS OF TRANSPORTATION TO WORK BY VEHICLES AVAILABLE,https://api.census.gov/data/2010/acs/acs5/groups/B08141.json
B08201,HOUSEHOLD SIZE BY VEHICLES AVAILABLE,https://api.census.gov/data/2010/acs/acs5/groups/B08201.json
B08202,HOUSEHOLD SIZE BY NUMBER OF WORKERS IN HOUSEHOLD,https://api.census.gov/data/2010/acs/acs5/groups/B08202.json
B08203,NUMBER OF WORKERS IN HOUSEHOLD BY VEHICLES AVAILABLE,https://api.census.gov/data/2010/acs/acs5/groups/B08203.json
B08301,MEANS OF TRANSPORTATION TO WORK,https://api.census.gov/data/2010/acs/acs5/groups/B08301.json
B08302,TIME LEAVING HOME TO GO TO WORK,https://api.census.gov/data/2010/acs/acs5/groups/B08302.json
B08303,TRAVEL TIME TO WORK,https://api.census.gov/data/2010/acs/acs5/groups/B08303.json
B08406,SEX OF WORKERS BY MEANS OF TRANSPORTATION TO WORK FOR WORKPLACE GEOGRAPHY,https://api.census.gov/data/2010/acs/acs5/groups/B08406.json
B08412,SEX OF WORKERS BY TRAVEL TIME TO WORK FOR WORKPLACE GEOGRAPHY,https://api.census.gov/data/2010/acs/acs5/groups/B08412.json
B08501,MEANS OF TRANSPORTATION TO WORK BY AGE FOR WORKPLACE GEOGRAPHY,https://api.census.gov/data/2010/acs/acs5/groups/B08501.json
B08503,MEDIAN AGE BY MEANS OF TRANSPORTATION TO WORK FOR WORKPLACE GEOGRAPHY,https://api.census.gov/data/2010/acs/acs5/groups/B08503.json
B08511,MEANS OF TRANSPORTATION TO WORK BY CITIZENSHIP STATUS FOR WORKPLACE GEOGRAPHY,https://api.census.gov/data/2010/acs/acs5/groups/B08511.json
B08513,MEANS OF TRANSPORTATION TO WORK BY LANGUAGE SPOKEN AT HOME AND ABILITY TO SPEAK ENGLISH FOR WORKPLACE GEOGRAPHY,https://api.census.gov/data/2010/acs/acs5/groups/B08513.json
B08519,MEANS OF TRANSPORTATION TO WORK BY WORKERS' EARNINGS IN THE PAST 12 MONTHS (IN 2010 INFLATION-ADJUSTED DOLLARS) FOR WORKPLACE GEOGRAPHY,https://api.census.gov/data/2010/acs/acs5/groups/B08519.json
B08521,MEDIAN EARNINGS IN THE PAST 12 MONTHS (IN 2010 INFLATION-ADJUSTED DOLLARS) BY MEANS OF TRANSPORTATION TO WORK FOR WORKPLACE GEOGRAPHY,https://api.census.gov/data/2010/acs/acs5/groups/B08521.json
B08522,MEANS OF TRANSPORTATION TO WORK BY POVERTY STATUS IN THE PAST 12 MONTHS FOR WORKPLACE GEOGRAPHY,https://api.census.gov/data/2010/acs/acs5/groups/B08522.json
B08524,MEANS OF TRANSPORTATION TO WORK BY OCCUPATION FOR WORKPLACE GEOGRAPHY,https://api.census.gov/data/2010/acs/acs5/groups/B08524.json
B08526,MEANS OF TRANSPORTATION TO WORK BY INDUSTRY FOR WORKPLACE GEOGRAPHY,https://api.census.gov/data/2010/acs/acs5/groups/B08526.json
B08528,MEANS OF TRANSPORTATION TO WORK BY CLASS OF WORKER FOR WORKPLACE GEOGRAPHY,https://api.census.gov/data/2010/acs/acs5/groups/B08528.json
B08532,MEANS OF TRANSPORTATION TO WORK BY TIME ARRIVING AT WORK FROM HOME FOR WORKPLACE GEOGRAPHY,https://api.census.gov/data/2010/acs/acs5/groups/B08532.json
B08534,MEANS OF TRANSPORTATION TO WORK BY TRAVEL TIME TO WORK FOR WORKPLACE GEOGRAPHY,https://api.census.gov/data/2010/acs/acs5/groups/B08534.json
B08536,AGGREGATE TRAVEL TIME TO WORK (IN MINUTES) OF WORKERS BY MEANS OF TRANSPORTATION TO WORK FOR WORKPLACE GEOGRAPHY,https://api.census.gov/data/2010/acs/acs5/groups/B08536.json
B08537,MEANS OF TRANSPORTATION TO WORK BY TENURE FOR WORKPLACE GEOGRAPHY,https://api.census.gov/data/2010/acs/acs5/groups/B08537.json
B08541,MEANS OF TRANSPORTATION TO WORK BY VEHICLES AVAILABLE FOR WORKPLACE GEOGRAPHY,https://api.census.gov/data/2010/acs/acs5/groups/B08541.json
B08601,MEANS OF TRANSPORTATION TO WORK FOR WORKPLACE GEOGRAPHY,https://api.census.gov/data/2010/acs/acs5/groups/B08601.json
B08602,TIME ARRIVING AT WORK FROM HOME FOR WORKPLACE GEOGRAPHY,https://api.census.gov/data/2010/acs/acs5/groups/B08602.json
B08603,TRAVEL TIME TO WORK FOR WORKPLACE GEOGRAPHY,https://api.census.gov/data/2010/acs/acs5/groups/B08603.json
B09001,POPULATION UNDER 18 YEARS BY AGE,https://api.census.gov/data/2010/acs/acs5/groups/B09001.json
B09002,OWN CHILDREN UNDER 18 YEARS BY FAMILY TYPE AND AGE,https://api.census.gov/data/2010/acs/acs5/groups/B09002.json
B09005,"HOUSEHOLD TYPE FOR CHILDREN UNDER 18 YEARS IN HOUSEHOLDS (EXCLUDING HOUSEHOLDERS, SPOUSES, AND UNMARRIED PARTNERS)",https://api.census.gov/data/2010/acs/acs5/groups/B09005.json
B09006,RELATIONSHIP TO HOUSEHOLDER FOR CHILDREN UNDER 18 YEARS IN HOUSEHOLDS,https://api.census.gov/data/2010/acs/acs5/groups/B09006.json
B09008,PRESENCE OF UNMARRIED PARTNER OF HOUSEHOLDER BY HOUSEHOLD TYPE FOR CHILDREN UNDER 18 YEARS IN HOUSEHOLDS,https://api.census.gov/data/2010/acs/acs5/groups/B09008.json
B09010,"RECEIPT OF SUPPLEMENTAL SECURITY INCOME (SSI), CASH PUBLIC ASSISTANCE INCOME, OR FOOD STAMPS/SNAP IN THE PAST 12 MONTHS BY HOUSEHOLD TYPE FOR CHILDREN UNDER 18 YEARS IN HOUSEHOLDS",https://api.census.gov/data/2010/acs/acs5/groups/B09010.json
B09016,HOUSEHOLD TYPE (INCLUDING LIVING ALONE) BY RELATIONSHIP,https://api.census.gov/data/2010/acs/acs5/groups/B09016.json
B09017,RELATIONSHIP BY HOUSEHOLD TYPE (INCLUDING LIVING ALONE) FOR THE POPULATION 65 YEARS AND OVER,https://api.census.gov/data/2010/acs/acs5/groups/B09017.json
B10001,GRANDCHILDREN UNDER 18 YEARS LIVING WITH A GRANDPARENT HOUSEHOLDER BY AGE OF GRANDCHILD,https://api.census.gov/data/2010/acs/acs5/groups/B10001.json
B10002,GRANDCHILDREN UNDER 18 YEARS LIVING WITH A GRANDPARENT HOUSEHOLDER BY GRANDPARENT RESPONSIBILITY AND PRESENCE OF PARENT,https://api.census.gov/data/2010/acs/acs5/groups/B10002.json
B10010,MEDIAN FAMILY INCOME FOR FAMILIES WITH GRANDPARENT HOUSEHOLDERS AND/OR SPOUSES LIVING WITH OWN GRANDCHILDREN UNDER 18 YEARS BY RESPONSIBILITY FOR OWN GRANDCHILDREN AND PRESENCE OF PARENT OF GRANDCHILDREN,https://api.census.gov/data/2010/acs/acs5/groups/B10010.json
B10050,GRANDPARENTS LIVING WITH OWN GRANDCHILDREN UNDER 18 YEARS BY RESPONSIBILITY FOR OWN GRANDCHILDREN BY LENGTH OF TIME RESPONSIBLE FOR OWN GRANDCHILDREN FOR THE POPULATION 30 YEARS AND OVER,https://api.census.gov/data/2010/acs/acs5/groups/B10050.json
B10051,GRANDPARENTS LIVING WITH OWN GRANDCHILDREN UNDER 18 YEARS BY RESPONSIBILITY FOR OWN GRANDCHILDREN BY PRESENCE OF PARENT OF GRANDCHILDREN AND AGE OF GRANDPARENT,https://api.census.gov/data/2010/acs/acs5/groups/B10051.json
B10053,NATIVITY BY GRANDPARENTS RESPONSIBLE FOR OWN GRANDCHILDREN UNDER 18 YEARS BY AGE OF GRANDPARENT,https://api.census.gov/data/2010/acs/acs5/groups/B10053.json
B10054,LANGUAGE AND ABILITY TO SPEAK ENGLISH OF GRANDPARENTS LIVING WITH OWN GRANDCHILDREN UNDER 18 YEARS BY RESPONSIBILITY FOR OWN GRANDCHILDREN AND AGE OF GRANDPARENT,https://api.census.gov/data/2010/acs/acs5/groups/B10054.json
B10056,SEX OF GRANDPARENTS LIVING WITH OWN GRANDCHILDREN UNDER 18 YEARS BY RESPONSIBILITY FOR OWN GRANDCHILDREN AND AGE OF GRANDPARENT,https://api.census.gov/data/2010/acs/acs5/groups/B10056.json
B10057,MARITAL STATUS BY GRANDPARENTS LIVING WITH OWN GRANDCHILDREN UNDER 18 YEARS BY RESPONSIBILITY FOR OWN GRANDCHILDREN AND AGE OF GRANDPARENT,https://api.census.gov/data/2010/acs/acs5/groups/B10057.json
B10058,EMPLOYMENT STATUS OF GRANDPARENTS LIVING WITH OWN GRANDCHILDREN UNDER 18 YEARS BY RESPONSIBILITY FOR OWN GRANDCHILDREN AND AGE OF GRANDPARENT,https://api.census.gov/data/2010/acs/acs5/groups/B10058.json
B10059,POVERTY STATUS IN THE PAST 12 MONTHS OF GRANDPARENTS LIVING WITH OWN GRANDCHILDREN UNDER 18 YEARS BY RESPONSIBILITY FOR OWN GRANDCHILDREN AND AGE OF GRANDPARENT,https://api.census.gov/data/2010/acs/acs5/groups/B10059.json
B10060,UNITS IN STRUCTURE OF GRANDPARENTS LIVING WITH OWN GRANDCHILDREN UNDER 18 YEARS BY RESPONSIBILITY FOR OWN GRANDCHILDREN AND AGE OF GRANDPARENT,https://api.census.gov/data/2010/acs/acs5/groups/B10060.json
B10061,TENURE OF GRANDPARENTS LIVING WITH OWN GRANDCHILDREN UNDER 18 YEARS BY RESPONSIBILITY FOR OWN GRANDCHILDREN AND AGE OF GRANDPARENT,https://api.census.gov/data/2010/acs/acs5/groups/B10061.json
B10063,HOUSEHOLDS WITH GRANDPARENTS LIVING WITH OWN GRANDCHILDREN UNDER 18 YEARS BY RESPONSIBILITY FOR OWN GRANDCHILDREN AND PRESENCE OF PARENT OF GRANDCHILDREN,https://api.census.gov/data/2010/acs/acs5/groups/B10063.json
B11001,HOUSEHOLD TYPE (INCLUDING LIVING ALONE),https://api.census.gov/data/2010/acs/acs5/groups/B11001.json
B11002,HOUSEHOLD TYPE BY RELATIVES AND NONRELATIVES FOR POPULATION IN HOUSEHOLDS,https://api.census.gov/data/2010/acs/acs5/groups/B11002.json
B11003,FAMILY TYPE BY PRESENCE AND AGE OF OWN CHILDREN UNDER 18 YEARS,https://api.census.gov/data/2010/acs/acs5/groups/B11003.json
B11004,FAMILY TYPE BY PRESENCE AND AGE OF RELATED CHILDREN UNDER 18 YEARS,https://api.census.gov/data/2010/acs/acs5/groups/B11004.json
B11005,HOUSEHOLDS BY PRESENCE OF PEOPLE UNDER 18 YEARS BY HOUSEHOLD TYPE,https://api.census.gov/data/2010/acs/acs5/groups/B11005.json
B11006,HOUSEHOLDS BY PRESENCE OF PEOPLE 60 YEARS AND OVER BY HOUSEHOLD TYPE,https://api.census.gov/data/2010/acs/acs5/groups/B11006.json
B11007,"HOUSEHOLDS BY PRESENCE OF PEOPLE 65 YEARS AND OVER, HOUSEHOLD SIZE AND HOUSEHOLD TYPE",https://api.census.gov/data/2010/acs/acs5/groups/B11007.json
B11009,UNMARRIED-PARTNER HOUSEHOLDS BY SEX OF PARTNER,https://api.census.gov/data/2010/acs/acs5/groups/B11009.json
B11010,NONFAMILY HOUSEHOLDS BY SEX OF HOUSEHOLDER BY LIVING ALONE BY AGE OF HOUSEHOLDER,https://api.census.gov/data/2010/acs/acs5/groups/B11010.json
B11011,HOUSEHOLD TYPE BY UNITS IN STRUCTURE,https://api.census.gov/data/2010/acs/acs5/groups/B11011.json
B11012,HOUSEHOLD TYPE BY TENURE,https://api.census.gov/data/2010/acs/acs5/groups/B11012.json
B11013,SUBFAMILY TYPE BY PRESENCE OF OWN CHILDREN UNDER 18 YEARS,https://api.census.gov/data/2010/acs/acs5/groups/B11013.json
B11014,POPULATION IN SUBFAMILIES BY SUBFAMILY TYPE BY RELATIONSHIP,https://api.census.gov/data/2010/acs/acs5/groups/B11014.json
B11015,HOUSEHOLDS BY PRESENCE OF NONRELATIVES,https://api.census.gov/data/2010/acs/acs5/groups/B11015.json
B11016,HOUSEHOLD TYPE BY HOUSEHOLD SIZE,https://api.census.gov/data/2010/acs/acs5/groups/B11016.json
B12001,SEX BY MARITAL STATUS FOR THE POPULATION 15 YEARS AND OVER,https://api.census.gov/data/2010/acs/acs5/groups/B12001.json
B12002,SEX BY MARITAL STATUS BY AGE FOR THE POPULATION 15 YEARS AND OVER,https://api.census.gov/data/2010/acs/acs5/groups/B12002.json
B12005,MARITAL STATUS BY NATIVITY,https://api.census.gov/data/2010/acs/acs5/groups/B12005.json
B12006,MARITAL STATUS BY SEX BY LABOR FORCE PARTICIPATION,https://api.census.gov/data/2010/acs/acs5/groups/B12006.json
B12007,MEDIAN AGE AT FIRST MARRIAGE,https://api.census.gov/data/2010/acs/acs5/groups/B12007.json
B13001,MARITAL STATUS BY AGE FOR WOMEN 15 TO 50 YEARS,https://api.census.gov/data/2010/acs/acs5/groups/B13001.json
B13002,WOMEN 15 TO 50 YEARS WHO HAD A BIRTH IN THE PAST 12 MONTHS BY MARITAL STATUS AND AGE,https://api.census.gov/data/2010/acs/acs5/groups/B13002.json
B13004,WOMEN 15 TO 50 YEARS WHO HAD A BIRTH IN THE PAST 12 MONTHS BY MARITAL STATUS AND PRESENCE OF UNMARRIED PARTNER,https://api.census.gov/data/2010/acs/acs5/groups/B13004.json
B13008,WOMEN 15 TO 50 YEARS WHO HAD A BIRTH IN THE PAST 12 MONTHS BY MARITAL STATUS AND NATIVITY,https://api.census.gov/data/2010/acs/acs5/groups/B13008.json
B13010,WOMEN 15 TO 50 YEARS WHO HAD A BIRTH IN THE PAST 12 MONTHS BY MARITAL STATUS AND POVERTY STATUS IN THE PAST 12 MONTHS,https://api.census.gov/data/2010/acs/acs5/groups/B13010.json
B13012,WOMEN 16 TO 50 YEARS WHO HAD A BIRTH IN THE PAST 12 MONTHS BY MARITAL STATUS AND LABOR FORCE STATUS,https://api.census.gov/data/2010/acs/acs5/groups/B13012.json
B13014,WOMEN 15 TO 50 YEARS WHO HAD A BIRTH IN THE PAST 12 MONTHS BY MARITAL STATUS AND EDUCATIONAL ATTAINMENT,https://api.census.gov/data/2010/acs/acs5/groups/B13014.json
B13015,WOMEN 15 TO 50 YEARS WHO HAD A BIRTH IN THE PAST 12 MONTHS BY MARITAL STATUS AND RECEIPT OF PUBLIC ASSISTANCE INCOME IN THE PAST 12 MONTHS,https://api.census.gov/data/2010/acs/acs5/groups/B13015.json
B13016,WOMEN 15 TO 50 YEARS WHO HAD A BIRTH IN THE PAST 12 MONTHS BY AGE,https://api.census.gov/data/2010/acs/acs5/groups/B13016.json
B14001,SCHOOL ENROLLMENT BY LEVEL OF SCHOOL FOR THE POPULATION 3 YEARS AND OVER,https://api.census.gov/data/2010/acs/acs5/groups/B14001.json
B14002,SEX BY SCHOOL ENROLLMENT BY LEVEL OF SCHOOL BY TYPE OF SCHOOL FOR THE POPULATION 3 YEARS AND OVER,https://api.census.gov/data/2010/acs/acs5/groups/B14002.json
B14003,SEX BY SCHOOL ENROLLMENT BY TYPE OF SCHOOL BY AGE FOR THE POPULATION 3 YEARS AND OVER,https://api.census.gov/data/2010/acs/acs5/groups/B14003.json
B14004,SEX BY COLLEGE OR GRADUATE SCHOOL ENROLLMENT BY TYPE OF SCHOOL BY AGE FOR THE POPULATION 15 YEARS AND OVER,https://api.census.gov/data/2010/acs/acs5/groups/B14004.json
B14005,SEX BY SCHOOL ENROLLMENT BY EDUCATIONAL ATTAINMENT BY EMPLOYMENT STATUS FOR THE POPULATION 16 TO 19 YEARS,https://api.census.gov/data/2010/acs/acs5/groups/B14005.json
B14006,POVERTY STATUS IN THE PAST 12 MONTHS BY SCHOOL ENROLLMENT BY LEVEL OF SCHOOL FOR THE POPULATION 3 YEARS AND OVER,https://api.census.gov/data/2010/acs/acs5/groups/B14006.json
B15001,SEX BY AGE BY EDUCATIONAL ATTAINMENT FOR THE POPULATION 18 YEARS AND OVER,https://api.census.gov/data/2010/acs/acs5/groups/B15001.json
B15002,SEX BY EDUCATIONAL ATTAINMENT FOR THE POPULATION 25 YEARS AND OVER,https://api.census.gov/data/2010/acs/acs5/groups/B15002.json
B16001,LANGUAGE SPOKEN AT HOME BY ABILITY TO SPEAK ENGLISH FOR THE POPULATION 5 YEARS AND OVER,https://api.census.gov/data/2010/acs/acs5/groups/B16001.json
B16002,"HOUSEHOLD LANGUAGE BY HOUSEHOLDS IN WHICH NO ONE 14 AND OVER SPEAKS ENGLISH ONLY OR SPEAKS A LANGUAGE OTHER THAN ENGLISH AT HOME AND SPEAKS ENGLISH ""VERY WELL""",https://api.census.gov/data/2010/acs/acs5/groups/B16002.json
B16003,"AGE BY LANGUAGE SPOKEN AT HOME FOR THE POPULATION 5 YEARS AND OVER IN HOUSEHOLDS IN WHICH NO ONE 14 AND OVER SPEAKS ENGLISH ONLY OR SPEAKS A LANGUAGE OTHER THAN ENGLISH AT HOME AND SPEAKS ENGLISH ""VERY WELL""",https://api.census.gov/data/2010/acs/acs5/groups/B16003.json
B16004,AGE BY LANGUAGE SPOKEN AT HOME BY ABILITY TO SPEAK ENGLISH FOR THE POPULATION 5 YEARS AND OVER,https://api.census.gov/data/2010/acs/acs5/groups/B16004.json
B16005,NATIVITY BY LANGUAGE SPOKEN AT HOME BY ABILITY TO SPEAK ENGLISH FOR THE POPULATION 5 YEARS AND OVER,https://api.census.gov/data/2010/acs/acs5/groups/B16005.json
B16006,LANGUAGE SPOKEN AT HOME BY ABILITY TO SPEAK ENGLISH FOR THE POPULATION 5 YEARS AND OVER (HISPANIC OR LATINO),https://api.census.gov/data/2010/acs/acs5/groups/B16006.json
B16007,AGE BY LANGUAGE SPOKEN AT HOME FOR THE POPULATION 5 YEARS AND OVER,https://api.census.gov/data/2010/acs/acs5/groups/B16007.json
B16008,CITIZENSHIP STATUS BY AGE BY LANGUAGE SPOKEN AT HOME FOR THE POPULATION 5 YEARS AND OVER,https://api.census.gov/data/2010/acs/acs5/groups/B16008.json
B16009,POVERTY STATUS IN THE PAST 12 MONTHS BY AGE BY LANGUAGE SPOKEN AT HOME FOR THE POPULATION 5 YEARS AND OVER,https://api.census.gov/data/2010/acs/acs5/groups/B16009.json
B16010,EDUCATIONAL ATTAINMENT AND EMPLOYMENT STATUS BY LANGUAGE SPOKEN AT HOME FOR THE POPULATION 25 YEARS AND OVER,https://api.census.gov/data/2010/acs/acs5/groups/B16010.json
B17001,POVERTY STATUS IN THE PAST 12 MONTHS BY SEX BY AGE,https://api.census.gov/data/2010/acs/acs5/groups/B17001.json
B17003,POVERTY STATUS IN THE PAST 12 MONTHS OF INDIVIDUALS BY SEX BY EDUCATIONAL ATTAINMENT,https://api.census.gov/data/2010/acs/acs5/groups/B17003.json
B17004,POVERTY STATUS IN THE PAST 12 MONTHS OF INDIVIDUALS BY SEX BY WORK EXPERIENCE,https://api.census.gov/data/2010/acs/acs5/groups/B17004.json
B17005,POVERTY STATUS IN THE PAST 12 MONTHS OF INDIVIDUALS BY SEX BY EMPLOYMENT STATUS,https://api.census.gov/data/2010/acs/acs5/groups/B17005.json
B17006,POVERTY STATUS IN THE PAST 12 MONTHS OF RELATED CHILDREN UNDER 18 YEARS BY FAMILY TYPE BY AGE OF RELATED CHILDREN UNDER 18 YEARS,https://api.census.gov/data/2010/acs/acs5/groups/B17006.json
B17007,POVERTY STATUS IN THE PAST 12 MONTHS OF UNRELATED INDIVIDUALS 15 YEARS AND OVER BY SEX BY AGE,https://api.census.gov/data/2010/acs/acs5/groups/B17007.json
B17009,POVERTY STATUS BY WORK EXPERIENCE OF UNRELATED INDIVIDUALS BY HOUSEHOLDER STATUS,https://api.census.gov/data/2010/acs/acs5/groups/B17009.json
B17010,POVERTY STATUS IN THE PAST 12 MONTHS OF FAMILIES BY FAMILY TYPE BY PRESENCE OF RELATED CHILDREN UNDER 18 YEARS BY AGE OF RELATED CHILDREN,https://api.census.gov/data/2010/acs/acs5/groups/B17010.json
B17011,AGGREGATE INCOME DEFICIT (DOLLARS) IN THE PAST 12 MONTHS FOR FAMILIES BY FAMILY TYPE,https://api.census.gov/data/2010/acs/acs5/groups/B17011.json
B17012,POVERTY STATUS IN THE PAST 12 MONTHS OF FAMILIES BY HOUSEHOLD TYPE BY NUMBER OF RELATED CHILDREN UNDER 18 YEARS,https://api.census.gov/data/2010/acs/acs5/groups/B17012.json
B17013,POVERTY STATUS IN THE PAST 12 MONTHS OF FAMILIES BY HOUSEHOLD TYPE BY NUMBER OF PERSONS IN FAMILY,https://api.census.gov/data/2010/acs/acs5/groups/B17013.json
B17014,POVERTY STATUS IN THE PAST 12 MONTHS OF FAMILIES BY HOUSEHOLD TYPE BY NUMBER OF WORKERS IN FAMILY,https://api.census.gov/data/2010/acs/acs5/groups/B17014.json
B17015,POVERTY STATUS IN THE PAST 12 MONTHS OF FAMILIES BY FAMILY TYPE BY SOCIAL SECURITY INCOME BY SUPPLEMENTAL SECURITY INCOME (SSI) AND CASH PUBLIC ASSISTANCE INCOME,https://api.census.gov/data/2010/acs/acs5/groups/B17015.json
B17016,POVERTY STATUS IN THE PAST 12 MONTHS OF FAMILIES BY FAMILY TYPE BY WORK EXPERIENCE OF HOUSEHOLDER AND SPOUSE,https://api.census.gov/data/2010/acs/acs5/groups/B17016.json
B17017,POVERTY STATUS IN THE PAST 12 MONTHS BY HOUSEHOLD TYPE BY AGE OF HOUSEHOLDER,https://api.census.gov/data/2010/acs/acs5/groups/B17017.json
B17018,POVERTY STATUS IN THE PAST 12 MONTHS OF FAMILIES BY HOUSEHOLD TYPE BY EDUCATIONAL ATTAINMENT OF HOUSEHOLDER,https://api.census.gov/data/2010/acs/acs5/groups/B17018.json
B17019,POVERTY STATUS IN THE PAST 12 MONTHS OF FAMILIES BY HOUSEHOLD TYPE BY TENURE,https://api.census.gov/data/2010/acs/acs5/groups/B17019.json
B17021,POVERTY STATUS OF INDIVIDUALS IN THE PAST 12 MONTHS BY LIVING ARRANGEMENT,https://api.census.gov/data/2010/acs/acs5/groups/B17021.json
B17022,RATIO OF INCOME TO POVERTY LEVEL IN THE PAST 12 MONTHS OF FAMILIES BY FAMILY TYPE BY PRESENCE OF RELATED CHILDREN UNDER 18 YEARS BY AGE OF RELATED CHILDREN,https://api.census.gov/data/2010/acs/acs5/groups/B17022.json
B17023,POVERTY STATUS IN THE PAST 12 MONTHS OF FAMILIES BY HOUSEHOLD TYPE BY NUMBER OF OWN CHILDREN UNDER 18 YEARS,https://api.census.gov/data/2010/acs/acs5/groups/B17023.json
B17024,AGE BY RATIO OF INCOME TO POVERTY LEVEL IN THE PAST 12 MONTHS,https://api.census.gov/data/2010/acs/acs5/groups/B17024.json
B17025,POVERTY STATUS IN THE PAST 12 MONTHS BY NATIVITY,https://api.census.gov/data/2010/acs/acs5/groups/B17025.json
B17026,RATIO OF INCOME TO POVERTY LEVEL OF FAMILIES IN THE PAST 12 MONTHS,https://api.census.gov/data/2010/acs/acs5/groups/B17026.json
B19001,HOUSEHOLD INCOME IN THE PAST 12 MONTHS (IN 2010 INFLATION-ADJUSTED DOLLARS),https://api.census.gov/data/2010/acs/acs5/groups/B19001.json
B19013,MEDIAN HOUSEHOLD INCOME IN THE PAST 12 MONTHS (IN 2010 INFLATION-ADJUSTED DOLLARS),https://api.census.gov/data/2010/acs/acs5/groups/B19013.json
B19019,MEDIAN HOUSEHOLD INCOME IN THE PAST 12 MONTHS (IN 2010 INFLATION-ADJUSTED DOLLARS) BY HOUSEHOLD SIZE,https://api.census.gov/data/2010/acs/acs5/groups/B19019.json
B19025,AGGREGATE HOUSEHOLD INCOME IN THE PAST 12 MONTHS (IN 2010 INFLATION-ADJUSTED DOLLARS),https://api.census.gov/data/2010/acs/acs5/groups/B19025.json
B19037,AGE OF HOUSEHOLDER BY HOUSEHOLD INCOME IN THE PAST 12 MONTHS (IN 2010 INFLATION-ADJUSTED DOLLARS),https://api.census.gov/data/2010/acs/acs5/groups/B19037.json
B19049,MEDIAN HOUSEHOLD INCOME IN THE PAST 12 MONTHS (IN 2010 INFLATION-ADJUSTED DOLLARS) BY AGE OF HOUSEHOLDER,https://api.census.gov/data/2010/acs/acs5/groups/B19049.json
B19050,AGGREGATE HOUSEHOLD INCOME IN THE PAST 12 MONTHS (IN 2010 INFLATION-ADJUSTED DOLLARS) BY AGE OF HOUSEHOLDER,https://api.census.gov/data/2010/acs/acs5/groups/B19050.json
B19051,EARNINGS IN THE PAST 12 MONTHS FOR HOUSEHOLDS,https://api.census.gov/data/2010/acs/acs5/groups/B19051.json
B19052,WAGE OR SALARY INCOME IN THE PAST 12 MONTHS FOR HOUSEHOLDS,https://api.census.gov/data/2010/acs/acs5/groups/B19052.json
B19053,SELF-EMPLOYMENT INCOME IN THE PAST 12 MONTHS FOR HOUSEHOLDS,https://api.census.gov/data/2010/acs/acs5/groups/B19053.json
B19054,"INTEREST, DIVIDENDS, OR NET RENTAL INCOME IN THE PAST 12 MONTHS FOR HOUSEHOLDS",https://api.census.gov/data/2010/acs/acs5/groups/B19054.json
B19055,SOCIAL SECURITY INCOME IN THE PAST 12 MONTHS FOR HOUSEHOLDS,https://api.census.gov/data/2010/acs/acs5/groups/B19055.json
B19056,SUPPLEMENTAL SECURITY INCOME (SSI) IN THE PAST 12 MONTHS FOR HOUSEHOLDS,https://api.census.gov/data/2010/acs/acs5/groups/B19056.json
B19057,PUBLIC ASSISTANCE INCOME IN THE PAST 12 MONTHS FOR HOUSEHOLDS,https://api.census.gov/data/2010/acs/acs5/groups/B19057.json
B19058,PUBLIC ASSISTANCE INCOME OR FOOD STAMPS/SNAP IN THE PAST 12 MONTHS FOR HOUSEHOLDS,https://api.census.gov/data/2010/acs/acs5/groups/B19058.json
B19059,RETIREMENT INCOME IN THE PAST 12 MONTHS FOR HOUSEHOLDS,https://api.census.gov/data/2010/acs/acs5/groups/B19059.json
B19060,OTHER TYPES OF INCOME IN THE PAST 12 MONTHS FOR HOUSEHOLDS,https://api.census.gov/data/2010/acs/acs5/groups/B19060.json
B19061,AGGREGATE EARNINGS IN THE PAST 12 MONTHS (IN 2010 INFLATION-ADJUSTED DOLLARS) FOR HOUSEHOLDS,https://api.census.gov/data/2010/acs/acs5/groups/B19061.json
B19062,AGGREGATE WAGE OR SALARY INCOME IN THE PAST 12 MONTHS (IN 2010 INFLATION-ADJUSTED DOLLARS) FOR HOUSEHOLDS,https://api.census.gov/data/2010/acs/acs5/groups/B19062.json
B19063,AGGREGATE SELF-EMPLOYMENT INCOME IN THE PAST 12 MONTHS (IN 2010 INFLATION-ADJUSTED DOLLARS) FOR HOUSEHOLDS,https://api.census.gov/data/2010/acs/acs5/groups/B19063.json
B19064,"AGGREGATE INTEREST, DIVIDENDS, OR NET RENTAL INCOME IN THE PAST 12 MONTHS (IN 2010 INFLATION-ADJUSTED DOLLARS) FOR HOUSEHOLDS",https://api.census.gov/data/2010/acs/acs5/groups/B19064.json
B19065,AGGREGATE SOCIAL SECURITY INCOME IN THE PAST 12 MONTHS (IN 2010 INFLATION-ADJUSTED DOLLARS) FOR HOUSEHOLDS,https://api.census.gov/data/2010/acs/acs5/groups/B19065.json
B19066,AGGREGATE SUPPLEMENTAL SECURITY INCOME (SSI) IN THE PAST 12 MONTHS (IN 2010 INFLATION-ADJUSTED DOLLARS) FOR HOUSEHOLDS,https://api.census.gov/data/2010/acs/acs5/groups/B19066.json
B19067,AGGREGATE PUBLIC ASSISTANCE INCOME IN THE PAST 12 MONTHS (IN 2010 INFLATION-ADJUSTED DOLLARS) FOR HOUSEHOLDS,https://api.census.gov/data/2010/acs/acs5/groups/B19067.json
B19069,AGGREGATE RETIREMENT INCOME IN THE PAST 12 MONTHS (IN 2010 INFLATION-ADJUSTED DOLLARS) FOR HOUSEHOLDS,https://api.census.gov/data/2010/acs/acs5/groups/B19069.json
B19070,AGGREGATE OTHER TYPES OF INCOME IN THE PAST 12 MONTHS (IN 2010 INFLATION-ADJUSTED DOLLARS) FOR HOUSEHOLDS,https://api.census.gov/data/2010/acs/acs5/groups/B19070.json
B19080,HOUSEHOLD INCOME QUINTILE UPPER LIMITS,https://api.census.gov/data/2010/acs/acs5/groups/B19080.json
B19081,MEAN HOUSEHOLD INCOME OF QUINTILES,https://api.census.gov/data/2010/acs/acs5/groups/B19081.json
B19082,SHARES OF AGGREGATE HOUSEHOLD INCOME BY QUINTILE,https://api.census.gov/data/2010/acs/acs5/groups/B19082.json
B19083,GINI INDEX OF INCOME INEQUALITY,https://api.census.gov/data/2010/acs/acs5/groups/B19083.json
B19101,FAMILY INCOME IN THE PAST 12 MONTHS (IN 2010 INFLATION-ADJUSTED DOLLARS),https://api.census.gov/data/2010/acs/acs5/groups/B19101.json
B19113,MEDIAN FAMILY INCOME IN THE PAST 12 MONTHS (IN 2010 INFLATION-ADJUSTED DOLLARS),https://api.census.gov/data/2010/acs/acs5/groups/B19113.json
B19119,MEDIAN FAMILY INCOME IN THE PAST 12 MONTHS (IN 2010 INFLATION-ADJUSTED DOLLARS) BY FAMILY SIZE,https://api.census.gov/data/2010/acs/acs5/groups/B19119.json
B19121,MEDIAN FAMILY INCOME IN THE PAST 12 MONTHS (IN 2010 INFLATION-ADJUSTED DOLLARS) BY NUMBER OF EARNERS IN FAMILY,https://api.census.gov/data/2010/acs/acs5/groups/B19121.json
B19125,MEDIAN FAMILY INCOME IN THE PAST 12 MONTHS (IN 2010 INFLATION-ADJUSTED DOLLARS) BY PRESENCE OF OWN CHILDREN UNDER 18 YEARS,https://api.census.gov/data/2010/acs/acs5/groups/B19125.json
B19126,MEDIAN FAMILY INCOME IN THE PAST 12 MONTHS (IN 2010 INFLATION-ADJUSTED DOLLARS) BY FAMILY TYPE BY PRESENCE OF OWN CHILDREN UNDER 18 YEARS,https://api.census.gov/data/2010/acs/acs5/groups/B19126.json
B19127,AGGREGATE FAMILY INCOME IN THE PAST 12 MONTHS (IN 2010 INFLATION-ADJUSTED DOLLARS),https://api.census.gov/data/2010/acs/acs5/groups/B19127.json
B19128,AGGREGATE FAMILY INCOME IN THE PAST 12 MONTHS (IN 2010 INFLATION-ADJUSTED DOLLARS) BY FAMILY TYPE BY PRESENCE OF OWN CHILDREN UNDER 18 YEARS,https://api.census.gov/data/2010/acs/acs5/groups/B19128.json
B19129,AGGREGATE FAMILY INCOME IN THE PAST 12 MONTHS (IN 2010 INFLATION-ADJUSTED DOLLARS) BY NUMBER OF WORKERS IN FAMILY,https://api.census.gov/data/2010/acs/acs5/groups/B19129.json
B19130,AGGREGATE FAMILY INCOME IN THE PAST 12 MONTHS (IN 2010 INFLATION-ADJUSTED DOLLARS) BY FAMILY TYPE BY AGE OF HOUSEHOLDER,https://api.census.gov/data/2010/acs/acs5/groups/B19130.json
B19131,FAMILY TYPE BY PRESENCE OF OWN CHILDREN UNDER 18 YEARS BY FAMILY INCOME IN THE PAST 12 MONTHS (IN 2010 INFLATION-ADJUSTED DOLLARS),https://api.census.gov/data/2010/acs/acs5/groups/B19131.json
B19201,NONFAMILY HOUSEHOLD INCOME IN THE PAST 12 MONTHS (IN 2010 INFLATION-ADJUSTED DOLLARS),https://api.census.gov/data/2010/acs/acs5/groups/B19201.json
B19202,MEDIAN NONFAMILY HOUSEHOLD INCOME IN THE PAST 12 MONTHS (IN 2010 INFLATION-ADJUSTED DOLLARS),https://api.census.gov/data/2010/acs/acs5/groups/B19202.json
B19214,AGGREGATE NONFAMILY HOUSEHOLD INCOME IN THE PAST 12 MONTHS (IN 2010 INFLATION-ADJUSTED DOLLARS),https://api.census.gov/data/2010/acs/acs5/groups/B19214.json
B19215,MEDIAN NONFAMILY HOUSEHOLD INCOME IN THE PAST 12 MONTHS (IN 2010 INFLATION-ADJUSTED DOLLARS) BY SEX OF HOUSEHOLDER BY LIVING ALONE BY AGE OF HOUSEHOLDER,https://api.census.gov/data/2010/acs/acs5/groups/B19215.json
B19216,AGGREGATE NONFAMILY HOUSEHOLD INCOME IN THE PAST 12 MONTHS (IN 2010 INFLATION-ADJUSTED DOLLARS) BY SEX OF HOUSEHOLDER BY LIVING ALONE BY AGE OF HOUSEHOLDER,https://api.census.gov/data/2010/acs/acs5/groups/B19216.json
B19301,PER CAPITA INCOME IN THE PAST 12 MONTHS (IN 2010 INFLATION-ADJUSTED DOLLARS),https://api.census.gov/data/2010/acs/acs5/groups/B19301.json
B19313,AGGREGATE INCOME IN THE PAST 12 MONTHS (IN 2010 INFLATION-ADJUSTED DOLLARS),https://api.census.gov/data/2010/acs/acs5/groups/B19313.json
B19325,SEX BY WORK EXPERIENCE IN THE PAST 12 MONTHS BY INCOME IN THE PAST 12 MONTHS (IN 2010 INFLATION-ADJUSTED DOLLARS) FOR THE POPULATION 15 YEARS AND OVER,https://api.census.gov/data/2010/acs/acs5/groups/B19325.json
B19326,MEDIAN INCOME IN THE PAST 12 MONTHS (IN 2010 INFLATION-ADJUSTED DOLLARS) BY SEX BY WORK EXPERIENCE IN THE PAST 12 MONTHS FOR THE POPULATION 15 YEARS AND OVER WITH INCOME,https://api.census.gov/data/2010/acs/acs5/groups/B19326.json
B20001,SEX BY EARNINGS IN THE PAST 12 MONTHS (IN 2010 INFLATION-ADJUSTED DOLLARS) FOR THE POPULATION 16 YEARS AND OVER WITH EARNINGS IN THE PAST 12 MONTHS,https://api.census.gov/data/2010/acs/acs5/groups/B20001.json
B20002,MEDIAN EARNINGS IN THE PAST 12 MONTHS (IN 2010 INFLATION-ADJUSTED DOLLARS) BY SEX FOR THE POPULATION 16 YEARS AND OVER WITH EARNINGS IN THE PAST 12 MONTHS,https://api.census.gov/data/2010/acs/acs5/groups/B20002.json
B20003,AGGREGATE EARNINGS IN THE PAST 12 MONTHS (IN 2010 INFLATION-ADJUSTED DOLLARS) BY SEX BY WORK EXPERIENCE FOR THE POPULATION 16 YEARS AND OVER WITH EARNINGS,https://api.census.gov/data/2010/acs/acs5/groups/B20003.json
B20004,MEDIAN EARNINGS IN THE PAST 12 MONTHS (IN 2010 INFLATION-ADJUSTED DOLLARS) BY SEX BY EDUCATIONAL ATTAINMENT FOR THE POPULATION 25 YEARS AND OVER,https://api.census.gov/data/2010/acs/acs5/groups/B20004.json
B20005,SEX BY WORK EXPERIENCE IN THE PAST 12 MONTHS BY EARNINGS IN THE PAST 12 MONTHS (IN 2010 INFLATION-ADJUSTED DOLLARS) FOR THE POPULATION 16 YEARS AND OVER,https://api.census.gov/data/2010/acs/acs5/groups/B20005.json
B20017,MEDIAN EARNINGS IN THE PAST 12 MONTHS (IN 2010 INFLATION-ADJUSTED DOLLARS) BY SEX BY WORK EXPERIENCE IN THE PAST 12 MONTHS FOR THE POPULATION 16 YEARS AND OVER WITH EARNINGS IN THE PAST 12 MONTHS,https://api.census.gov/data/2010/acs/acs5/groups/B20017.json
B21001,SEX BY AGE BY VETERAN STATUS FOR THE CIVILIAN POPULATION 18 YEARS AND OVER,https://api.census.gov/data/2010/acs/acs5/groups/B21001.json
B21002,PERIOD OF MILITARY SERVICE FOR CIVILIAN VETERANS 18 YEARS AND OVER,https://api.census.gov/data/2010/acs/acs5/groups/B21002.json
B21003,VETERAN STATUS BY EDUCATIONAL ATTAINMENT FOR THE CIVILIAN POPULATION 25 YEARS AND OVER,https://api.census.gov/data/2010/acs/acs5/groups/B21003.json
B21004,MEDIAN INCOME IN THE PAST 12 MONTHS (IN 2010 INFLATION-ADJUSTED DOLLARS) BY VETERAN STATUS BY SEX FOR THE CIVILIAN POPULATION 18 YEARS AND OVER WITH INCOME,https://api.census.gov/data/2010/acs/acs5/groups/B21004.json
B21005,AGE BY VETERAN STATUS BY EMPLOYMENT STATUS FOR THE CIVILIAN POPULATION 18 TO 64 YEARS,https://api.census.gov/data/2010/acs/acs5/groups/B21005.json
B22001,RECEIPT OF FOOD STAMPS/SNAP IN THE PAST 12 MONTHS BY PRESENCE OF PEOPLE 60 YEARS AND OVER FOR HOUSEHOLDS,https://api.census.gov/data/2010/acs/acs5/groups/B22001.json
B22002,RECEIPT OF FOOD STAMPS/SNAP IN THE PAST 12 MONTHS BY PRESENCE OF CHILDREN UNDER 18 YEARS BY HOUSEHOLD TYPE FOR HOUSEHOLDS,https://api.census.gov/data/2010/acs/acs5/groups/B22002.json
B22003,RECEIPT OF FOOD STAMPS/SNAP IN THE PAST 12 MONTHS BY POVERTY STATUS IN THE PAST 12 MONTHS FOR HOUSEHOLDS,https://api.census.gov/data/2010/acs/acs5/groups/B22003.json
B22007,RECEIPT OF FOOD STAMPS/SNAP IN THE PAST 12 MONTHS BY FAMILY TYPE BY NUMBER OF WORKERS IN FAMILY IN THE PAST 12 MONTHS,https://api.census.gov/data/2010/acs/acs5/groups/B22007.json
B22008,MEDIAN HOUSEHOLD INCOME IN THE PAST 12 MONTHS (IN 2010 INFLATION-ADJUSTED DOLLARS) BY RECEIPT OF FOOD STAMPS/SNAP IN THE PAST 12 MONTHS,https://api.census.gov/data/2010/acs/acs5/groups/B22008.json
B23001,SEX BY AGE BY EMPLOYMENT STATUS FOR THE POPULATION 16 YEARS AND OVER,https://api.census.gov/data/2010/acs/acs5/groups/B23001.json
B23003,PRESENCE OF OWN CHILDREN UNDER 18 YEARS BY AGE OF OWN CHILDREN UNDER 18 YEARS BY EMPLOYMENT STATUS FOR FEMALES 20 TO 64 YEARS,https://api.census.gov/data/2010/acs/acs5/groups/B23003.json
B23004,WORK STATUS IN THE PAST 12 MONTHS BY AGE BY EMPLOYMENT STATUS FOR THE CIVILIAN POPULATION 65 YEARS AND OVER,https://api.census.gov/data/2010/acs/acs5/groups/B23004.json
B23006,EDUCATIONAL ATTAINMENT BY EMPLOYMENT STATUS FOR THE POPULATION 25 TO 64 YEARS,https://api.census.gov/data/2010/acs/acs5/groups/B23006.json
B23007,PRESENCE OF OWN CHILDREN UNDER 18 YEARS BY FAMILY TYPE BY EMPLOYMENT STATUS,https://api.census.gov/data/2010/acs/acs5/groups/B23007.json
B23008,AGE OF OWN CHILDREN UNDER 18 YEARS IN FAMILIES AND SUBFAMILIES BY LIVING ARRANGEMENTS BY EMPLOYMENT STATUS OF PARENTS,https://api.census.gov/data/2010/acs/acs5/groups/B23008.json
B23009,PRESENCE OF OWN CHILDREN UNDER 18 YEARS BY FAMILY TYPE BY NUMBER OF WORKERS IN FAMILY IN THE PAST 12 MONTHS,https://api.census.gov/data/2010/acs/acs5/groups/B23009.json
B23010,PRESENCE OF OWN CHILDREN UNDER 18 YEARS IN MARRIED-COUPLE FAMILIES BY WORK EXPERIENCE OF HOUSEHOLDER AND SPOUSE,https://api.census.gov/data/2010/acs/acs5/groups/B23010.json
B23013,MEDIAN AGE BY SEX FOR WORKERS 16 TO 64 YEARS,https://api.census.gov/data/2010/acs/acs5/groups/B23013.json
B23018,AGGREGATE USUAL HOURS WORKED IN THE PAST 12 MONTHS BY SEX FOR WORKERS 16 TO 64 YEARS,https://api.census.gov/data/2010/acs/acs5/groups/B23018.json
B23020,MEAN USUAL HOURS WORKED IN THE PAST 12 MONTHS FOR WORKERS 16 TO 64 YEARS,https://api.census.gov/data/2010/acs/acs5/groups/B23020.json
B23022,SEX BY WORK STATUS IN THE PAST 12 MONTHS BY USUAL HOURS WORKED PER WEEK IN THE PAST 12 MONTHS BY WEEKS WORKED IN THE PAST 12 MONTHS FOR THE POPULATION 16 TO 64 YEARS,https://api.census.gov/data/2010/acs/acs5/groups/B23022.json
B24011,OCCUPATION BY MEDIAN EARNINGS IN THE PAST 12 MONTHS (IN 2010 INFLATION-ADJUSTED DOLLARS) FOR THE CIVILIAN EMPLOYED POPULATION 16 YEARS AND OVER,https://api.census.gov/data/2010/acs/acs5/groups/B24011.json
B24012,SEX BY OCCUPATION AND MEDIAN EARNINGS IN THE PAST 12 MONTHS (IN 2010 INFLATION-ADJUSTED DOLLARS) FOR THE CIVILIAN EMPLOYED POPULATION 16 YEARS AND OVER,https://api.census.gov/data/2010/acs/acs5/groups/B24012.json
B24021,"OCCUPATION BY MEDIAN EARNINGS IN THE PAST 12 MONTHS (IN 2010 INFLATION-ADJUSTED DOLLARS) FOR THE FULL-TIME, YEAR-ROUND CIVILIAN EMPLOYED POPULATION 16 YEARS AND OVER",https://api.census.gov/data/2010/acs/acs5/groups/B24021.json
B24022,"SEX BY OCCUPATION AND MEDIAN EARNINGS IN THE PAST 12 MONTHS (IN 2010 INFLATION-ADJUSTED DOLLARS) FOR THE FULL-TIME, YEAR-ROUND CIVILIAN EMPLOYED POPULATION 16 YEARS AND OVER",https://api.census.gov/data/2010/acs/acs5/groups/B24022.json
B24031,INDUSTRY BY MEDIAN EARNINGS IN THE PAST 12 MONTHS (IN 2010 INFLATION-ADJUSTED DOLLARS) FOR THE CIVILIAN EMPLOYED POPULATION 16 YEARS AND OVER,https://api.census.gov/data/2010/acs/acs5/groups/B24031.json
B24032,SEX BY INDUSTRY AND MEDIAN EARNINGS IN THE PAST 12 MONTHS (IN 2010 INFLATION-ADJUSTED DOLLARS) FOR THE CIVILIAN EMPLOYED POPULATION 16 YEARS AND OVER,https://api.census.gov/data/2010/acs/acs5/groups/B24032.json
B24041,"INDUSTRY BY MEDIAN EARNINGS IN THE PAST 12 MONTHS (IN 2010 INFLATION-ADJUSTED DOLLARS) FOR THE FULL-TIME, YEAR-ROUND CIVILIAN EMPLOYED POPULATION 16 YEARS AND OVER",https://api.census.gov/data/2010/acs/acs5/groups/B24041.json
B24042,"SEX BY INDUSTRY AND MEDIAN EARNINGS IN THE PAST 12 MONTHS (IN 2010 INFLATION-ADJUSTED DOLLARS) FOR THE FULL-TIME, YEAR-ROUND CIVILIAN EMPLOYED POPULATION 16 YEARS AND OVER",https://api.census.gov/data/2010/acs/acs5/groups/B24042.json
B24080,SEX BY CLASS OF WORKER FOR THE CIVILIAN EMPLOYED POPULATION 16 YEARS AND OVER,https://api.census.gov/data/2010/acs/acs5/groups/B24080.json
B24081,CLASS OF WORKER  BY MEDIAN EARNINGS IN THE PAST 12 MONTHS (IN 2010 INFLATION-ADJUSTED DOLLARS) FOR THE CIVILIAN EMPLOYED POPULATION 16 YEARS AND OVER,https://api.census.gov/data/2010/acs/acs5/groups/B24081.json
B24082,SEX BY CLASS OF WORKER AND MEDIAN EARNINGS IN THE PAST 12 MONTHS (IN 2010 INFLATION-ADJUSTED DOLLARS) FOR THE  CIVILIAN EMPLOYED POPULATION 16 YEARS AND OVER,https://api.census.gov/data/2010/acs/acs5/groups/B24082.json
B24090,"SEX BY CLASS OF WORKER FOR THE FULL-TIME, YEAR-ROUND CIVILIAN EMPLOYED POPULATION 16 YEARS AND OVER",https://api.census.gov/data/2010/acs/acs5/groups/B24090.json
B24091,"CLASS OF WORKER BY MEDIAN EARNINGS IN THE PAST 12 MONTHS (IN 2010 INFLATION-ADJUSTED DOLLARS) FOR THE FULL-TIME, YEAR-ROUND CIVILIAN EMPLOYED POPULATION 16 YEARS AND OVER",https://api.census.gov/data/2010/acs/acs5/groups/B24091.json
B24092,"SEX BY CLASS OF WORKER AND MEDIAN EARNINGS IN THE PAST 12 MONTHS (IN 2010 INFLATION-ADJUSTED DOLLARS) FOR THE FULL-TIME, YEAR-ROUND CIVILIAN EMPLOYED POPULATION 16 YEARS AND OVER",https://api.census.gov/data/2010/acs/acs5/groups/B24092.json
B24121,"DETAILED OCCUPATION BY MEDIAN EARNINGS IN THE PAST 12 MONTHS (IN 2010 INFLATION-ADJUSTED DOLLARS) FOR THE FULL-TIME, YEAR-ROUND CIVILIAN EMPLOYED POPULATION 16 YEARS AND OVER",https://api.census.gov/data/2010/acs/acs5/groups/B24121.json
B24122,"DETAILED OCCUPATION BY MEDIAN EARNINGS IN THE PAST 12 MONTHS (IN 2010 INFLATION-ADJUSTED DOLLARS) FOR THE FULL-TIME, YEAR-ROUND CIVILIAN EMPLOYED MALE POPULATION 16 YEARS AND OVER",https://api.census.gov/data/2010/acs/acs5/groups/B24122.json
B24123,"DETAILED OCCUPATION BY MEDIAN EARNINGS IN THE PAST 12 MONTHS (IN 2010 INFLATION-ADJUSTED DOLLARS) FOR THE FULL-TIME, YEAR-ROUND CIVILIAN EMPLOYED FEMALE POPULATION 16 YEARS AND OVER",https://api.census.gov/data/2010/acs/acs5/groups/B24123.json
B24124,"DETAILED OCCUPATION FOR THE FULL-TIME, YEAR-ROUND CIVILIAN EMPLOYED POPULATION 16 YEARS AND OVER",https://api.census.gov/data/2010/acs/acs5/groups/B24124.json
B24125,"DETAILED OCCUPATION FOR THE FULL-TIME, YEAR-ROUND CIVILIAN EMPLOYED MALE POPULATION 16 YEARS AND OVER",https://api.census.gov/data/2010/acs/acs5/groups/B24125.json
B24126,"DETAILED OCCUPATION FOR THE FULL-TIME, YEAR-ROUND CIVILIAN EMPLOYED FEMALE POPULATION 16 YEARS AND OVER",https://api.census.gov/data/2010/acs/acs5/groups/B24126.json
B25001,HOUSING UNITS,https://api.census.gov/data/2010/acs/acs5/groups/B25001.json
B25002,OCCUPANCY STATUS,https://api.census.gov/data/2010/acs/acs5/groups/B25002.json
B25003,TENURE,https://api.census.gov/data/2010/acs/acs5/groups/B25003.json
B25004,VACANCY STATUS,https://api.census.gov/data/2010/acs/acs5/groups/B25004.json
B25005,VACANT - CURRENT RESIDENCE ELSEWHERE,https://api.census.gov/data/2010/acs/acs5/groups/B25005.json
B25006,RACE OF HOUSEHOLDER,https://api.census.gov/data/2010/acs/acs5/groups/B25006.json
B25007,TENURE BY AGE OF HOUSEHOLDER,https://api.census.gov/data/2010/acs/acs5/groups/B25007.json
B25008,TOTAL POPULATION IN OCCUPIED HOUSING UNITS BY TENURE,https://api.census.gov/data/2010/acs/acs5/groups/B25008.json
B25009,TENURE BY HOUSEHOLD SIZE,https://api.census.gov/data/2010/acs/acs5/groups/B25009.json
B25010,AVERAGE HOUSEHOLD SIZE OF OCCUPIED HOUSING UNITS BY TENURE,https://api.census.gov/data/2010/acs/acs5/groups/B25010.json
B25011,TENURE BY HOUSEHOLD TYPE (INCLUDING LIVING ALONE) AND AGE OF HOUSEHOLDER,https://api.census.gov/data/2010/acs/acs5/groups/B25011.json
B25012,TENURE BY FAMILIES AND PRESENCE OF OWN CHILDREN,https://api.census.gov/data/2010/acs/acs5/groups/B25012.json
B25013,TENURE BY EDUCATIONAL ATTAINMENT OF HOUSEHOLDER,https://api.census.gov/data/2010/acs/acs5/groups/B25013.json
B25014,TENURE BY OCCUPANTS PER ROOM,https://api.census.gov/data/2010/acs/acs5/groups/B25014.json
B25015,TENURE BY AGE OF HOUSEHOLDER BY OCCUPANTS PER ROOM,https://api.census.gov/data/2010/acs/acs5/groups/B25015.json
B25016,TENURE BY PLUMBING FACILITIES BY OCCUPANTS PER ROOM,https://api.census.gov/data/2010/acs/acs5/groups/B25016.json
B25017,ROOMS,https://api.census.gov/data/2010/acs/acs5/groups/B25017.json
B25018,MEDIAN NUMBER OF ROOMS,https://api.census.gov/data/2010/acs/acs5/groups/B25018.json
B25019,AGGREGATE NUMBER OF ROOMS,https://api.census.gov/data/2010/acs/acs5/groups/B25019.json
B25020,TENURE BY ROOMS,https://api.census.gov/data/2010/acs/acs5/groups/B25020.json
B25021,MEDIAN NUMBER OF ROOMS BY TENURE,https://api.census.gov/data/2010/acs/acs5/groups/B25021.json
B25022,AGGREGATE NUMBER OF ROOMS BY TENURE,https://api.census.gov/data/2010/acs/acs5/groups/B25022.json
B25023,AGGREGATE NUMBER OF ROOMS BY VACANCY STATUS,https://api.census.gov/data/2010/acs/acs5/groups/B25023.json
B25024,UNITS IN STRUCTURE,https://api.census.gov/data/2010/acs/acs5/groups/B25024.json
B25026,TOTAL POPULATION IN OCCUPIED HOUSING UNITS BY TENURE BY YEAR HOUSEHOLDER MOVED INTO UNIT,https://api.census.gov/data/2010/acs/acs5/groups/B25026.json
B25027,MORTGAGE STATUS BY AGE OF HOUSEHOLDER,https://api.census.gov/data/2010/acs/acs5/groups/B25027.json
B25032,TENURE BY UNITS IN STRUCTURE,https://api.census.gov/data/2010/acs/acs5/groups/B25032.json
B25033,TOTAL POPULATION IN OCCUPIED HOUSING UNITS BY TENURE BY UNITS IN STRUCTURE,https://api.census.gov/data/2010/acs/acs5/groups/B25033.json
B25034,YEAR STRUCTURE BUILT,https://api.census.gov/data/2010/acs/acs5/groups/B25034.json
B25035,MEDIAN YEAR STRUCTURE BUILT,https://api.census.gov/data/2010/acs/acs5/groups/B25035.json
B25036,TENURE BY YEAR STRUCTURE BUILT,https://api.census.gov/data/2010/acs/acs5/groups/B25036.json
B25037,MEDIAN YEAR STRUCTURE BUILT BY TENURE,https://api.census.gov/data/2010/acs/acs5/groups/B25037.json
B25038,TENURE BY YEAR HOUSEHOLDER MOVED INTO UNIT,https://api.census.gov/data/2010/acs/acs5/groups/B25038.json
B25039,MEDIAN YEAR HOUSEHOLDER MOVED INTO UNIT BY TENURE,https://api.census.gov/data/2010/acs/acs5/groups/B25039.json
B25040,HOUSE HEATING FUEL,https://api.census.gov/data/2010/acs/acs5/groups/B25040.json
B25041,BEDROOMS,https://api.census.gov/data/2010/acs/acs5/groups/B25041.json
B25042,TENURE BY BEDROOMS,https://api.census.gov/data/2010/acs/acs5/groups/B25042.json
B25043,TENURE BY TELEPHONE SERVICE AVAILABLE BY AGE OF HOUSEHOLDER,https://api.census.gov/data/2010/acs/acs5/groups/B25043.json
B25044,TENURE BY VEHICLES AVAILABLE,https://api.census.gov/data/2010/acs/acs5/groups/B25044.json
B25045,TENURE BY VEHICLES AVAILABLE BY AGE OF HOUSEHOLDER,https://api.census.gov/data/2010/acs/acs5/groups/B25045.json
B25046,AGGREGATE NUMBER OF VEHICLES AVAILABLE BY TENURE,https://api.census.gov/data/2010/acs/acs5/groups/B25046.json
B25047,PLUMBING FACILITIES FOR ALL HOUSING UNITS,https://api.census.gov/data/2010/acs/acs5/groups/B25047.json
B25048,PLUMBING FACILITIES FOR OCCUPIED HOUSING UNITS,https://api.census.gov/data/2010/acs/acs5/groups/B25048.json
B25049,TENURE BY PLUMBING FACILITIES,https://api.census.gov/data/2010/acs/acs5/groups/B25049.json
B25050,PLUMBING FACILITIES BY OCCUPANTS PER ROOM BY YEAR STRUCTURE BUILT,https://api.census.gov/data/2010/acs/acs5/groups/B25050.json
B25051,KITCHEN FACILITIES FOR ALL HOUSING UNITS,https://api.census.gov/data/2010/acs/acs5/groups/B25051.json
B25052,KITCHEN FACILITIES FOR OCCUPIED HOUSING UNITS,https://api.census.gov/data/2010/acs/acs5/groups/B25052.json
B25053,TENURE BY KITCHEN FACILITIES,https://api.census.gov/data/2010/acs/acs5/groups/B25053.json
B25054,KITCHEN FACILITIES BY MEALS INCLUDED IN RENT,https://api.census.gov/data/2010/acs/acs5/groups/B25054.json
B25055,AGE OF HOUSEHOLDER BY MEALS INCLUDED IN RENT,https://api.census.gov/data/2010/acs/acs5/groups/B25055.json
B25056,CONTRACT RENT,https://api.census.gov/data/2010/acs/acs5/groups/B25056.json
B25057,LOWER CONTRACT RENT QUARTILE (DOLLARS),https://api.census.gov/data/2010/acs/acs5/groups/B25057.json
B25058,MEDIAN CONTRACT RENT (DOLLARS),https://api.census.gov/data/2010/acs/acs5/groups/B25058.json
B25059,UPPER CONTRACT RENT QUARTILE (DOLLARS),https://api.census.gov/data/2010/acs/acs5/groups/B25059.json
B25060,AGGREGATE CONTRACT RENT (DOLLARS),https://api.census.gov/data/2010/acs/acs5/groups/B25060.json
B25061,RENT ASKED,https://api.census.gov/data/2010/acs/acs5/groups/B25061.json
B25062,AGGREGATE RENT ASKED (DOLLARS),https://api.census.gov/data/2010/acs/acs5/groups/B25062.json
B25063,GROSS RENT,https://api.census.gov/data/2010/acs/acs5/groups/B25063.json
B25064,MEDIAN GROSS RENT (DOLLARS),https://api.census.gov/data/2010/acs/acs5/groups/B25064.json
B25065,AGGREGATE GROSS RENT (DOLLARS),https://api.census.gov/data/2010/acs/acs5/groups/B25065.json
B25066,AGGREGATE GROSS RENT (DOLLARS) BY UNITS IN STRUCTURE,https://api.census.gov/data/2010/acs/acs5/groups/B25066.json
B25067,AGGREGATE GROSS RENT (DOLLARS) BY MEALS INCLUDED IN RENT,https://api.census.gov/data/2010/acs/acs5/groups/B25067.json
B25068,BEDROOMS BY GROSS RENT,https://api.census.gov/data/2010/acs/acs5/groups/B25068.json
B25069,INCLUSION OF UTILITIES IN RENT,https://api.census.gov/data/2010/acs/acs5/groups/B25069.json
B25070,GROSS RENT AS A PERCENTAGE OF HOUSEHOLD INCOME IN THE PAST 12 MONTHS,https://api.census.gov/data/2010/acs/acs5/groups/B25070.json
B25071,MEDIAN GROSS RENT AS A PERCENTAGE OF HOUSEHOLD INCOME IN THE PAST 12 MONTHS (DOLLARS),https://api.census.gov/data/2010/acs/acs5/groups/B25071.json
B25072,AGE OF HOUSEHOLDER BY GROSS RENT AS A PERCENTAGE OF HOUSEHOLD INCOME IN THE PAST 12 MONTHS,https://api.census.gov/data/2010/acs/acs5/groups/B25072.json
B25073,UNITS IN STRUCTURE BY GROSS RENT AS A PERCENTAGE OF HOUSEHOLD INCOME IN THE PAST 12 MONTHS,https://api.census.gov/data/2010/acs/acs5/groups/B25073.json
B25074,HOUSEHOLD INCOME BY GROSS RENT AS A PERCENTAGE OF HOUSEHOLD INCOME IN THE PAST 12 MONTHS,https://api.census.gov/data/2010/acs/acs5/groups/B25074.json
B25075,VALUE,https://api.census.gov/data/2010/acs/acs5/groups/B25075.json
B25076,LOWER VALUE QUARTILE (DOLLARS),https://api.census.gov/data/2010/acs/acs5/groups/B25076.json
B25077,MEDIAN VALUE (DOLLARS),https://api.census.gov/data/2010/acs/acs5/groups/B25077.json
B25078,UPPER VALUE QUARTILE (DOLLARS),https://api.census.gov/data/2010/acs/acs5/groups/B25078.json
B25079,AGGREGATE VALUE (DOLLARS) BY AGE OF HOUSEHOLDER,https://api.census.gov/data/2010/acs/acs5/groups/B25079.json
B25080,AGGREGATE VALUE (DOLLARS) BY UNITS IN STRUCTURE,https://api.census.gov/data/2010/acs/acs5/groups/B25080.json
B25081,MORTGAGE STATUS,https://api.census.gov/data/2010/acs/acs5/groups/B25081.json
B25082,AGGREGATE VALUE (DOLLARS) BY MORTGAGE STATUS,https://api.census.gov/data/2010/acs/acs5/groups/B25082.json
B25083,MEDIAN VALUE (DOLLARS) FOR MOBILE HOMES,https://api.census.gov/data/2010/acs/acs5/groups/B25083.json
B25085,PRICE ASKED,https://api.census.gov/data/2010/acs/acs5/groups/B25085.json
B25086,AGGREGATE PRICE ASKED (DOLLARS),https://api.census.gov/data/2010/acs/acs5/groups/B25086.json
B25087,MORTGAGE STATUS AND SELECTED MONTHLY OWNER COSTS,https://api.census.gov/data/2010/acs/acs5/groups/B25087.json
B25088,MEDIAN SELECTED MONTHLY OWNER COSTS (DOLLARS) BY MORTGAGE STATUS,https://api.census.gov/data/2010/acs/acs5/groups/B25088.json
B25089,AGGREGATE SELECTED MONTHLY OWNER COSTS (DOLLARS) BY MORTGAGE STATUS,https://api.census.gov/data/2010/acs/acs5/groups/B25089.json
B25090,MORTGAGE STATUS BY AGGREGATE REAL ESTATE TAXES PAID (DOLLARS),https://api.census.gov/data/2010/acs/acs5/groups/B25090.json
B25091,MORTGAGE STATUS BY SELECTED MONTHLY OWNER COSTS AS A PERCENTAGE OF HOUSEHOLD INCOME IN THE PAST 12 MONTHS,https://api.census.gov/data/2010/acs/acs5/groups/B25091.json
B25092,MEDIAN SELECTED MONTHLY OWNER COSTS AS A PERCENTAGE OF HOUSEHOLD INCOME IN THE PAST 12 MONTHS,https://api.census.gov/data/2010/acs/acs5/groups/B25092.json
B25093,AGE OF HOUSEHOLDER BY SELECTED MONTHLY OWNER COSTS AS A PERCENTAGE OF HOUSEHOLD INCOME IN THE PAST 12 MONTHS,https://api.census.gov/data/2010/acs/acs5/groups/B25093.json
B25094,SELECTED MONTHLY OWNER COSTS,https://api.census.gov/data/2010/acs/acs5/groups/B25094.json
B25096,MORTGAGE STATUS BY VALUE,https://api.census.gov/data/2010/acs/acs5/groups/B25096.json
B25097,MORTGAGE STATUS BY MEDIAN VALUE (DOLLARS),https://api.census.gov/data/2010/acs/acs5/groups/B25097.json
B25098,MORTGAGE STATUS BY HOUSEHOLD INCOME IN THE PAST 12 MONTHS (IN 2010 INFLATION-ADJUSTED DOLLARS),https://api.census.gov/data/2010/acs/acs5/groups/B25098.json
B25099,MORTGAGE STATUS BY MEDIAN HOUSEHOLD INCOME IN THE PAST 12 MONTHS (IN 2010 INFLATION-ADJUSTED DOLLARS),https://api.census.gov/data/2010/acs/acs5/groups/B25099.json
B25100,MORTGAGE STATUS BY RATIO OF VALUE TO HOUSEHOLD INCOME IN THE PAST 12 MONTHS,https://api.census.gov/data/2010/acs/acs5/groups/B25100.json
B25101,MORTGAGE STATUS BY MONTHLY HOUSING COSTS AS A PERCENTAGE OF HOUSEHOLD INCOME IN THE PAST 12 MONTHS,https://api.census.gov/data/2010/acs/acs5/groups/B25101.json
B25102,MORTGAGE STATUS BY REAL ESTATE TAXES PAID,https://api.census.gov/data/2010/acs/acs5/groups/B25102.json
B25103,MORTGAGE STATUS BY MEDIAN REAL ESTATE TAXES PAID (DOLLARS),https://api.census.gov/data/2010/acs/acs5/groups/B25103.json
B25104,MONTHLY HOUSING COSTS,https://api.census.gov/data/2010/acs/acs5/groups/B25104.json
B25105,MEDIAN MONTHLY HOUSING COSTS (DOLLARS),https://api.census.gov/data/2010/acs/acs5/groups/B25105.json
B25106,TENURE BY HOUSING COSTS AS A PERCENTAGE OF HOUSEHOLD INCOME IN THE PAST 12 MONTHS,https://api.census.gov/data/2010/acs/acs5/groups/B25106.json
B25107,MEDIAN VALUE BY YEAR STRUCTURE BUILT,https://api.census.gov/data/2010/acs/acs5/groups/B25107.json
B25108,AGGREGATE VALUE (DOLLARS) BY YEAR STRUCTURE BUILT,https://api.census.gov/data/2010/acs/acs5/groups/B25108.json
B25109,MEDIAN VALUE BY YEAR HOUSEHOLDER MOVED INTO UNIT,https://api.census.gov/data/2010/acs/acs5/groups/B25109.json
B25110,AGGREGATE VALUE (DOLLARS) BY YEAR HOUSEHOLDER MOVED INTO UNIT,https://api.census.gov/data/2010/acs/acs5/groups/B25110.json
B25111,MEDIAN GROSS RENT BY YEAR STRUCTURE BUILT,https://api.census.gov/data/2010/acs/acs5/groups/B25111.json
B25112,AGGREGATE GROSS RENT (DOLLARS) BY YEAR STRUCTURE BUILT,https://api.census.gov/data/2010/acs/acs5/groups/B25112.json
B25113,MEDIAN GROSS RENT BY YEAR HOUSEHOLDER MOVED INTO UNIT,https://api.census.gov/data/2010/acs/acs5/groups/B25113.json
B25114,AGGREGATE GROSS RENT (DOLLARS) BY YEAR HOUSEHOLDER MOVED INTO UNIT,https://api.census.gov/data/2010/acs/acs5/groups/B25114.json
B25115,TENURE BY HOUSEHOLD TYPE AND PRESENCE AND AGE OF OWN CHILDREN,https://api.census.gov/data/2010/acs/acs5/groups/B25115.json
B25116,TENURE BY HOUSEHOLD SIZE BY AGE OF HOUSEHOLDER,https://api.census.gov/data/2010/acs/acs5/groups/B25116.json
B25117,TENURE BY HOUSE HEATING FUEL,https://api.census.gov/data/2010/acs/acs5/groups/B25117.json
B25118,TENURE BY HOUSEHOLD INCOME IN THE PAST 12 MONTHS (IN 2010 INFLATION-ADJUSTED DOLLARS),https://api.census.gov/data/2010/acs/acs5/groups/B25118.json
B25119,MEDIAN HOUSEHOLD INCOME THE PAST 12 MONTHS (IN 2010 INFLATION-ADJUSTED DOLLARS) BY TENURE,https://api.census.gov/data/2010/acs/acs5/groups/B25119.json
B25120,AGGREGATE HOUSEHOLD INCOME IN THE PAST 12 MONTHS (IN 2010 INFLATION-ADJUSTED DOLLARS) BY TENURE AND MORTGAGE STATUS,https://api.census.gov/data/2010/acs/acs5/groups/B25120.json
B25121,HOUSEHOLD INCOME IN THE PAST 12 MONTHS (IN 2010 INFLATION-ADJUSTED DOLLARS) BY VALUE,https://api.census.gov/data/2010/acs/acs5/groups/B25121.json
B25122,HOUSEHOLD INCOME IN THE PAST 12 MONTHS (IN 2010 INFLATION-ADJUSTED DOLLARS) BY GROSS RENT,https://api.census.gov/data/2010/acs/acs5/groups/B25122.json
B25123,TENURE BY SELECTED PHYSICAL AND FINANCIAL CONDITIONS,https://api.census.gov/data/2010/acs/acs5/groups/B25123.json
B25124,TENURE BY HOUSEHOLD SIZE BY UNITS IN STRUCTURE,https://api.census.gov/data/2010/acs/acs5/groups/B25124.json
B25125,TENURE BY AGE OF HOUSEHOLDER BY UNITS IN STRUCTURE,https://api.census.gov/data/2010/acs/acs5/groups/B25125.json
B25126,TENURE BY AGE OF HOUSEHOLDER BY YEAR STRUCTURE BUILT,https://api.census.gov/data/2010/acs/acs5/groups/B25126.json
B25127,TENURE BY YEAR STRUCTURE BUILT BY UNITS IN STRUCTURE,https://api.census.gov/data/2010/acs/acs5/groups/B25127.json
B25128,TENURE BY AGE OF HOUSEHOLDER BY YEAR HOUSEHOLDER MOVED INTO UNIT,https://api.census.gov/data/2010/acs/acs5/groups/B25128.json
B25129,TENURE BY YEAR HOUSEHOLDER MOVED INTO UNIT BY UNITS IN STRUCTURE,https://api.census.gov/data/2010/acs/acs5/groups/B25129.json
B26001,GROUP QUARTERS POPULATION,https://api.census.gov/data/2010/acs/acs5/groups/B26001.json
B98001,UNWEIGHTED HOUSING UNIT SAMPLE,https://api.census.gov/data/2010/acs/acs5/groups/B98001.json
B98002,UNWEIGHTED GROUP QUARTERS POPULATION SAMPLE,https://api.census.gov/data/2010/acs/acs5/groups/B98002.json
B98011,HOUSING UNIT COVERAGE RATE,https://api.census.gov/data/2010/acs/acs5/groups/B98011.json
B98012,TOTAL POPULATION COVERAGE RATE BY SEX,https://api.census.gov/data/2010/acs/acs5/groups/B98012.json
B98013,TOTAL POPULATION COVERAGE RATE BY WEIGHTING RACE AND HISPANIC OR LATINO GROUPS,https://api.census.gov/data/2010/acs/acs5/groups/B98013.json
B98014,GROUP QUARTERS POPULATION COVERAGE RATE,https://api.census.gov/data/2010/acs/acs5/groups/B98014.json
B98021,HOUSING UNIT RESPONSE AND NONRESPONSE RATES WITH REASONS FOR NONINTERVIEWS,https://api.census.gov/data/2010/acs/acs5/groups/B98021.json
B98022,GROUP QUARTERS POPULATION RESPONSE AND NONRESPONSE RATES WITH REASONS FOR NONINTERVIEWS,https://api.census.gov/data/2010/acs/acs5/groups/B98022.json
B98031,OVERALL PERSON CHARACTERISTIC IMPUTATION RATE,https://api.census.gov/data/2010/acs/acs5/groups/B98031.json
B98032,OVERALL HOUSING UNIT CHARACTERISTIC IMPUTATION RATE,https://api.census.gov/data/2010/acs/acs5/groups/B98032.json
B99011,IMPUTATION OF SEX,https://api.census.gov/data/2010/acs/acs5/groups/B99011.json
B99012,IMPUTATION OF AGE,https://api.census.gov/data/2010/acs/acs5/groups/B99012.json
B99021,IMPUTATION OF RACE,https://api.census.gov/data/2010/acs/acs5/groups/B99021.json
B99031,IMPUTATION OF HISPANIC OR LATINO ORIGIN,https://api.census.gov/data/2010/acs/acs5/groups/B99031.json
B99051,IMPUTATION OF CITIZENSHIP STATUS,https://api.census.gov/data/2010/acs/acs5/groups/B99051.json
B99052,IMPUTATION OF YEAR OF ENTRY,https://api.census.gov/data/2010/acs/acs5/groups/B99052.json
B99061,IMPUTATION OF PLACE OF BIRTH,https://api.census.gov/data/2010/acs/acs5/groups/B99061.json
B99071,IMPUTATION OF MOBILITY STATUS FOR THE POPULATION 1 YEAR AND OVER,https://api.census.gov/data/2010/acs/acs5/groups/B99071.json
B99072,IMPUTATION OF RESIDENCE 1 YEAR AGO FOR THE POPULATION 1 YEAR AND OVER,https://api.census.gov/data/2010/acs/acs5/groups/B99072.json
B99080,IMPUTATION OF MEANS OF TRANSPORTATION TO WORK,https://api.census.gov/data/2010/acs/acs5/groups/B99080.json
B99081,IMPUTATION OF PLACE OF WORK,https://api.census.gov/data/2010/acs/acs5/groups/B99081.json
B99082,IMPUTATION OF PRIVATE VEHICLE OCCUPANCY,https://api.census.gov/data/2010/acs/acs5/groups/B99082.json
B99083,IMPUTATION OF TIME LEAVING HOME TO GO TO WORK,https://api.census.gov/data/2010/acs/acs5/groups/B99083.json
B99084,IMPUTATION OF TRAVEL TIME TO WORK,https://api.census.gov/data/2010/acs/acs5/groups/B99084.json
B99085,IMPUTATION OF VEHICLES AVAILABLE FOR WORKERS,https://api.census.gov/data/2010/acs/acs5/groups/B99085.json
B99086,IMPUTATION OF MEANS OF TRANSPORTATION TO WORK FOR WORKPLACE GEOGRAPHY,https://api.census.gov/data/2010/acs/acs5/groups/B99086.json
B99087,IMPUTATION OF TIME ARRIVING AT WORK FROM HOME FOR WORKPLACE GEOGRAPHY,https://api.census.gov/data/2010/acs/acs5/groups/B99087.json
B99088,IMPUTATION OF TRAVEL TIME TO WORK FOR WORKPLACE GEOGRAPHY,https://api.census.gov/data/2010/acs/acs5/groups/B99088.json
B99089,IMPUTATION OF VEHICLES AVAILABLE FOR WORKERS FOR WORKPLACE GEOGRAPHY,https://api.census.gov/data/2010/acs/acs5/groups/B99089.json
B99092,IMPUTATION OF RELATIONSHIP,https://api.census.gov/data/2010/acs/acs5/groups/B99092.json
B99102,IMPUTATION OF GRANDPARENTS LIVING WITH GRANDCHILDREN UNDER 18 YEARS,https://api.census.gov/data/2010/acs/acs5/groups/B99102.json
B99103,IMPUTATION OF GRANDPARENTS RESPONSIBLE FOR GRANDCHILDREN UNDER 18 YEARS,https://api.census.gov/data/2010/acs/acs5/groups/B99103.json
B99104,IMPUTATION OF LENGTH OF TIME GRANDPARENT RESPONSIBLE FOR OWN GRANDCHILDREN UNDER 18 YEARS FOR THE POPULATION 30 YEARS AND OVER,https://api.census.gov/data/2010/acs/acs5/groups/B99104.json
B99121,IMPUTATION OF MARITAL STATUS FOR THE POPULATION 15 YEARS AND OVER,https://api.census.gov/data/2010/acs/acs5/groups/B99121.json
B99131,IMPUTATION OF MARITAL STATUS FOR FEMALES 15 TO 50 YEARS,https://api.census.gov/data/2010/acs/acs5/groups/B99131.json
B99132,IMPUTATION OF FERTILITY OF WOMEN 15 TO 50 YEARS,https://api.census.gov/data/2010/acs/acs5/groups/B99132.json
B99141,IMPUTATION OF SCHOOL ENROLLMENT FOR THE POPULATION 3 YEARS AND OVER,https://api.census.gov/data/2010/acs/acs5/groups/B99141.json
B99142,IMPUTATION OF GRADE ENROLLED FOR THE POPULATION 3 YEARS AND OVER ENROLLED IN SCHOOL,https://api.census.gov/data/2010/acs/acs5/groups/B99142.json
B99151,IMPUTATION OF EDUCATIONAL ATTAINMENT FOR THE POPULATION 25 YEARS AND OVER,https://api.census.gov/data/2010/acs/acs5/groups/B99151.json
B99161,IMPUTATION OF LANGUAGE STATUS FOR THE POPULATION 5 YEARS AND OVER,https://api.census.gov/data/2010/acs/acs5/groups/B99161.json
B99162,IMPUTATION OF LANGUAGE SPOKEN AT HOME FOR THE POPULATION 5 YEARS AND OVER,https://api.census.gov/data/2010/acs/acs5/groups/B99162.json
B99163,IMPUTATION OF ABILITY TO SPEAK ENGLISH FOR THE POPULATION 5 YEARS AND OVER,https://api.census.gov/data/2010/acs/acs5/groups/B99163.json
B99171,IMPUTATION OF POVERTY STATUS IN THE PAST 12 MONTHS FOR UNRELATED INDIVIDUALS,https://api.census.gov/data/2010/acs/acs5/groups/B99171.json
B99172,IMPUTATION OF POVERTY STATUS IN THE PAST 12 MONTHS FOR FAMILIES,https://api.census.gov/data/2010/acs/acs5/groups/B99172.json
B99191,IMPUTATION OF INDIVIDUALS' INCOME IN THE PAST 12 MONTHS FOR THE POPULATION 15 YEARS AND OVER - PERCENT OF INCOME IMPUTED,https://api.census.gov/data/2010/acs/acs5/groups/B99191.json
B99192,IMPUTATION OF HOUSEHOLD INCOME IN THE PAST 12 MONTHS - PERCENT OF INCOME IMPUTED,https://api.census.gov/data/2010/acs/acs5/groups/B99192.json
B99193,IMPUTATION OF FAMILY INCOME IN THE PAST 12 MONTHS -- PERCENT OF INCOME IMPUTED,https://api.census.gov/data/2010/acs/acs5/groups/B99193.json
B99194,IMPUTATION OF NONFAMILY HOUSEHOLD INCOME IN THE PAST 12 MONTHS -- PERCENT OF INCOME IMPUTED,https://api.census.gov/data/2010/acs/acs5/groups/B99194.json
B99201,IMPUTATION OF EARNINGS IN THE PAST 12 MONTHS FOR THE POPULATION 16 YEARS AND OVER - PERCENT OF EARNINGS IMPUTED,https://api.census.gov/data/2010/acs/acs5/groups/B99201.json
B99211,IMPUTATION OF VETERAN STATUS FOR THE POPULATION 18 YEARS AND OVER,https://api.census.gov/data/2010/acs/acs5/groups/B99211.json
B99212,IMPUTATION OF PERIOD OF MILITARY SERVICE FOR CIVILIAN VETERANS 18 YEARS AND OVER,https://api.census.gov/data/2010/acs/acs5/groups/B99212.json
B99221,IMPUTATION OF FOOD STAMPS/SNAP RECEIPT,https://api.census.gov/data/2010/acs/acs5/groups/B99221.json
B99231,IMPUTATION OF EMPLOYMENT STATUS FOR THE POPULATION 16 YEARS AND OVER,https://api.census.gov/data/2010/acs/acs5/groups/B99231.json
B99232,IMPUTATION OF WORK STATUS IN THE PAST 12 MONTHS FOR THE POPULATION 16 YEARS AND OVER,https://api.census.gov/data/2010/acs/acs5/groups/B99232.json
B99233,IMPUTATION OF USUAL HOURS WORKED PER WEEK IN THE PAST 12 MONTHS FOR THE POPULATION 16 YEARS AND OVER,https://api.census.gov/data/2010/acs/acs5/groups/B99233.json
B99234,IMPUTATION OF WEEKS WORKED IN THE PAST 12 MONTHS FOR THE POPULATION 16 YEARS AND OVER,https://api.census.gov/data/2010/acs/acs5/groups/B99234.json
B99241,IMPUTATION OF INDUSTRY FOR THE CIVILIAN EMPLOYED POPULATION 16 YEARS AND OVER,https://api.census.gov/data/2010/acs/acs5/groups/B99241.json
B99242,IMPUTATION OF OCCUPATION FOR THE CIVILIAN EMPLOYED POPULATION 16 YEARS AND OVER,https://api.census.gov/data/2010/acs/acs5/groups/B99242.json
B99243,IMPUTATION OF CLASS OF WORKER FOR THE CIVILIAN EMPLOYED POPULATION 16 YEARS AND OVER,https://api.census.gov/data/2010/acs/acs5/groups/B99243.json
B99244,"IMPUTATION OF INDUSTRY FOR THE FULL-TIME, YEAR-ROUND CIVILIAN EMPLOYED POPULATION 16 YEARS AND OVER",https://api.census.gov/data/2010/acs/acs5/groups/B99244.json
B99245,"IMPUTATION OF OCCUPATION FOR THE FULL-TIME, YEAR-ROUND CIVILIAN EMPLOYED POPULATION 16 YEARS AND OVER",https://api.census.gov/data/2010/acs/acs5/groups/B99245.json
B99246,"IMPUTATION OF CLASS OF WORKER FOR THE FULL-TIME, YEAR-ROUND CIVILIAN EMPLOYED POPULATION 16 YEARS AND OVER",https://api.census.gov/data/2010/acs/acs5/groups/B99246.json
B99252,IMPUTATION OF TENURE,https://api.census.gov/data/2010/acs/acs5/groups/B99252.json
B99253,IMPUTATION OF VACANCY STATUS,https://api.census.gov/data/2010/acs/acs5/groups/B99253.json
B99254,IMPUTATION OF ROOMS,https://api.census.gov/data/2010/acs/acs5/groups/B99254.json
B99255,IMPUTATION OF UNITS IN STRUCTURE,https://api.census.gov/data/2010/acs/acs5/groups/B99255.json
B99256,IMPUTATION OF YEAR STRUCTURE BUILT,https://api.census.gov/data/2010/acs/acs5/groups/B99256.json
B99257,IMPUTATION OF YEAR HOUSEHOLDER MOVED INTO UNIT,https://api.census.gov/data/2010/acs/acs5/groups/B99257.json
B99258,IMPUTATION OF BEDROOMS,https://api.census.gov/data/2010/acs/acs5/groups/B99258.json
B99259,IMPUTATION OF PLUMBING FACILITIES,https://api.census.gov/data/2010/acs/acs5/groups/B99259.json
C02003,DETAILED RACE,https://api.census.gov/data/2010/acs/acs5/groups/C02003.json
C07201,GEOGRAPHICAL MOBILITY IN THE PAST YEAR FOR CURRENT RESIDENCE--METROPOLITAN STATISTICAL AREA LEVEL IN THE UNITED STATES,https://api.census.gov/data/2010/acs/acs5/groups/C07201.json
C07202,GEOGRAPHICAL MOBILITY IN THE PAST YEAR FOR CURRENT RESIDENCE--MICROPOLITAN STATISTICAL AREA LEVEL IN THE UNITED STATES,https://api.census.gov/data/2010/acs/acs5/groups/C07202.json
C07203,GEOGRAPHICAL MOBILITY IN THE PAST YEAR FOR CURRENT RESIDENCE--NOT METROPOLITAN OR MICROPOLITAN STATISTICAL AREA LEVEL IN THE UNITED STATES,https://api.census.gov/data/2010/acs/acs5/groups/C07203.json
C08134,MEANS OF TRANSPORTATION TO WORK BY TRAVEL TIME TO WORK,https://api.census.gov/data/2010/acs/acs5/groups/C08134.json
C08136,AGGREGATE TRAVEL TIME TO WORK (IN MINUTES) OF WORKERS BY MEANS OF TRANSPORTATION TO WORK,https://api.census.gov/data/2010/acs/acs5/groups/C08136.json
C17002,RATIO OF INCOME TO POVERTY LEVEL IN THE PAST 12 MONTHS,https://api.census.gov/data/2010/acs/acs5/groups/C17002.json
C24010,SEX BY OCCUPATION FOR THE CIVILIAN EMPLOYED POPULATION 16 YEARS AND OVER,https://api.census.gov/data/2010/acs/acs5/groups/C24010.json
C24020,"SEX BY OCCUPATION FOR THE FULL-TIME, YEAR-ROUND CIVILIAN EMPLOYED POPULATION 16 YEARS AND OVER",https://api.census.gov/data/2010/acs/acs5/groups/C24020.json
C24030,SEX BY INDUSTRY FOR THE CIVILIAN EMPLOYED POPULATION 16 YEARS AND OVER,https://api.census.gov/data/2010/acs/acs5/groups/C24030.json
C24040,"SEX BY INDUSTRY FOR THE FULL-TIME, YEAR-ROUND CIVILIAN EMPLOYED POPULATION 16 YEARS AND OVER",https://api.census.gov/data/2010/acs/acs5/groups/C24040.json
C24050,INDUSTRY BY OCCUPATION FOR THE CIVILIAN  EMPLOYED POPULATION 16 YEARS AND OVER,https://api.census.gov/data/2010/acs/acs5/groups/C24050.json
C24060,OCCUPATION BY CLASS OF WORKER FOR THE CIVILIAN EMPLOYED POPULATION 16 YEARS AND OVER,https://api.census.gov/data/2010/acs/acs5/groups/C24060.json
C24070,INDUSTRY BY CLASS OF WORKER FOR THE CIVILIAN EMPLOYED POPULATION 16 YEARS AND OVER,https://api.census.gov/data/2010/acs/acs5/groups/C24070.json
C25095,HOUSEHOLD INCOME BY SELECTED MONTHLY OWNER COSTS AS A PERCENTAGE OF HOUSEHOLD INCOME IN THE PAST 12 MONTHS,https://api.census.gov/data/2010/acs/acs5/groups/C25095.json
